scan_id,brightness,motion,face_visibility,signal_quality,acceptable
train-004656,0.4172660702545597,0.13575791193968814,0.8986433356085117,0.8474815509900254,1
train-001074,0.5601238386107291,0.35689009654867343,0.7003830767350538,0.5956179773677892,0
train-003605,0.6992802141369043,0.26082113260791684,0.5736153982585721,0.7528420754025655,1
train-003795,0.3155417216220799,0.16042939323077707,0.9796310661799287,0.6800964946190022,1
train-000787,0.4870731102047915,0.5408164570384298,0.799056541515487,0.8887819490603575,1
train-004859,0.4029645261651541,0.1549925616931622,0.8892805570017039,0.721302942059836,1
train-001717,0.5057029112112327,0.20130814240505246,0.9316399512964165,0.7391999180850815,1
train-001874,0.5119700654117562,0.06465312492005076,0.7061663366509972,0.9348874072069905,1
train-000266,0.5035708396964429,0.07420518285834612,0.9783094095211768,0.7915041508101347,1
train-000571,0.5664015993901095,0.2066860049058645,0.7641827469795499,0.7282889165221864,1
train-005908,0.5064549349672134,0.3325674639762677,0.6919291445734534,0.8406001808578751,1
train-003875,0.5907202563189525,0.08651199384075962,0.788324187124834,0.5309847424365087,1
train-000924,0.4166581575315864,0.10105294651189096,0.7775021976881555,0.7385158949330134,0
train-002741,0.7050530271947075,0.04619040340382436,0.6440587422893033,0.6357195735200628,0
train-001981,0.6237378819700087,0.1941136976132793,0.8316245239709384,0.3460612928313842,1
train-000910,0.3227322334671012,0.27865734057815394,0.7872944154083096,0.5794129273736762,0
train-000088,0.41247119021706263,0.47695951972015366,0.7657624883636694,0.9387251155925971,0
train-000675,0.5855161548027576,0.18078007124698475,0.8961736292030402,0.7092092747593298,0
train-000780,0.598642496428192,0.29006892464124734,0.7751107833270757,0.8026327034951458,1
train-005689,0.7409661385052903,0.1694782883933109,0.8882360312792197,0.5185959915683517,1
train-000639,0.7528908648392781,0.1652426318462752,0.8147827565769492,0.8671288611907736,0
train-000147,0.3886753353082565,0.011910130183955852,0.9123736377274442,0.9066471937694058,1
train-001159,0.7556585403725689,0.17316458524252218,0.763410901162923,0.6560847521938464,0
train-005353,0.6007591258679812,0.19890094962604427,0.9332574789780637,0.8905135330514502,1
train-001682,0.4742860473355416,0.20458894707075692,0.7568410562094645,0.6729741212310548,1
train-003157,0.5914728913284194,0.4636143382438951,0.8799034964477231,0.8107860422196164,0
train-000413,0.5399949661462873,0.22484358864919698,0.9168103769986272,0.5633455097680021,1
train-004603,0.28979988375595295,0.020411128978052518,0.823848914575251,0.8781332197179024,0
train-003144,0.47309213932703614,0.08107394490208358,0.7686114342785163,0.7477035345628664,1
train-004337,0.39858972636017936,0.16333757667789497,0.8266869585067075,0.8285212768593697,1
train-000900,0.5883538046781998,0.151193514284831,0.943547429509824,0.9879522464086479,1
train-002209,0.6163304787674776,0.1125904796133898,0.9462040321457348,0.831305150037581,1
train-005532,0.45603917780398034,0.03845375266501374,0.7627322601486745,0.6437446365191009,1
train-000330,0.5423180219745903,0.4663781475284637,0.6304822870687902,0.7186499016572546,1
train-005582,0.5153857665796406,0.1604106410117552,0.7872906260074303,0.6210026275959746,0
train-004678,0.5438339359317317,0.34009491446141843,0.5320261808339599,0.8285681552849002,0
train-004904,0.38937405784401974,0.10560447630294467,0.611392233396195,0.6098728558533141,0
train-004714,0.8299387835794304,0.32574591521066726,0.9932648511944528,0.8736457199803004,0
train-002744,0.6169379969479349,0.061142250330988406,0.8520508551733347,0.909893771795882,1
train-005341,0.6982559897116205,0.27329881688746316,0.8807645364278229,0.7723468861738785,1
train-003859,0.4988913295945893,0.12432255267633126,0.8738544842523099,0.528287187665839,1
train-001661,0.19252985832340833,0.31604814121617986,0.7164285931833229,0.7200009482009263,0
train-004899,0.5793476068110059,0.1282516428300926,0.8864462374482709,0.6001355051143791,0
train-004858,0.1947898009505835,0.18025190981370576,0.7598908728168223,0.6127206262598042,0
train-003389,0.420945122356563,0.15465095655556793,0.6757429082978921,0.7534028978911278,0
train-002859,0.5985233393712176,0.20131323910450857,0.5833816216201009,0.45425687545977417,0
train-005837,0.6376417604058311,0.11698654705196615,0.7569275655446088,0.9305820584053074,1
train-004444,0.6807565102685852,0.04107928536114579,0.8355353432448819,0.8711128088374727,0
train-000182,0.46949595403225186,0.1872209834078035,0.883641193533704,0.7361003825544306,0
train-004226,0.4810801948327132,0.0791303495913608,0.973577345169521,0.8502226873856402,1
train-000879,0.5396525112144003,0.16320583033932048,0.9565062228737784,0.35412487599386294,0
train-001762,0.43508443380222245,0.09512213354584922,0.9411839668514714,0.8158736720149486,1
train-002089,0.3547681683568573,0.24593565424298042,0.8088736192213652,0.9634831236902359,0
train-001322,0.2659740009042286,0.3048893776477033,0.8052657128631545,0.6855529845374141,1
train-000706,0.5576560716779184,0.11944552476882155,0.842801786071307,0.6556725948138142,1
train-002403,0.29808344662953257,0.06204741848056386,0.7848607463802784,0.7013457662244766,1
train-002767,0.3587520867060451,0.7004688699319985,0.8366958785655976,0.6992597141591569,1
train-001777,0.5968540244336964,0.22192169351105723,0.7176629773944073,0.8257723047042009,1
train-000767,0.5189900978068259,0.3913156938003399,0.7580419440363434,0.9766000566684929,1
train-002578,0.4795872154056243,0.13595369208693436,0.5988073899924777,0.9219227190403341,1
train-002003,0.37386846470506896,0.24771000814495125,0.7780292004618943,0.6558371260183156,0
train-000927,0.4225836183303125,0.16148476493455585,0.7074471894473261,0.8945303860640739,1
train-004369,0.3301965515402996,0.37484979868839935,0.818807835467988,0.7181709756699468,0
train-004294,0.6001451868765129,0.07969387540274177,0.6931567475647549,0.813018128204937,0
train-002189,0.7035981207025881,0.09109830848872337,0.8007844559404769,0.826561347682377,1
train-000697,0.6019073027942027,0.11782026454330673,0.8204893345676423,0.9081177598537422,1
train-002149,0.6766463442357595,0.21498295835580297,0.9341649521342233,0.8038221018170869,1
train-004263,0.5133043247841338,0.4525012989420546,0.826562368259244,0.7076266771157753,0
train-004599,0.48030019500868976,0.23169455761469182,0.9563296960237584,0.8702796090930636,1
train-005774,0.6644231978379612,0.29205297940650765,0.6815063824651577,0.9243073037196644,1
train-003093,0.6484956716702927,0.1462471851994708,0.9438005605321657,0.8438286418956384,0
train-001721,0.6603010779687852,0.018541671977869923,0.7244749650845267,0.9094843445982728,1
train-002150,0.3787417886553505,0.12701111828861114,0.8130887499555168,0.6618510733236982,0
train-000303,0.5699818192951398,0.3669882757599426,0.9014613805132875,0.684105604192437,1
train-002579,0.3340435988660376,0.11129116639886646,0.8068623582624322,0.8863772167837624,1
train-001271,0.45945382661981204,0.18740619771981237,0.9246339192628877,0.6040329940176735,1
train-000941,0.34536509304856455,0.22195855769698522,0.8632148494368028,0.7545207122564835,1
train-000194,0.6678486744044693,0.030858913482702827,0.7637010852143677,0.7611829786036163,1
train-000237,0.5768994690697411,0.05626954242845359,0.7373002850341698,0.6088844586325628,1
train-000832,0.3801199672831209,0.18556596461819164,0.9246487323754993,0.826636015471761,1
train-004994,0.5484684041255826,0.09374744882477626,0.7149763923376075,0.6184764840621269,0
train-005291,0.6099010989870708,0.3516656763403163,0.8013717803803292,0.6012697711376901,0
train-005563,0.5138442592166685,0.2503056653616278,0.8639253897157343,0.5348503164793339,0
train-001304,0.6287093269828014,0.3298040509461003,0.8038840160852354,0.6164586643106418,0
train-005183,0.7229045823477527,0.12325705954923936,0.9164400264299114,0.7333569001712953,0
train-000848,0.4941637796394881,0.34910046968464997,0.841106448972629,0.9108157682484204,0
train-000013,0.47604395020925133,0.06412496853294444,0.8749098676108001,0.7926258998219597,1
train-002018,0.4633723528148982,0.14485099085665365,0.883672805700838,0.9296456862451239,1
train-001454,0.3591285728578504,0.2849147212952651,0.8713948027583913,0.8065839644163468,1
train-005404,0.4258196419743872,0.08964855126806541,0.9669069726684011,0.9135365316468435,1
train-005834,0.4911166050890669,0.3047229634335488,0.7911159713417916,0.6536961519343385,1
train-004545,0.5458693868875227,0.3320990228357207,0.7444149649395829,0.49160533985855925,0
train-001299,0.5295452772926641,0.314940355697425,0.8367389932603284,0.704811353321779,0
train-000937,0.2983307264465545,0.22833427307303178,0.6628172327417201,0.8724099549361517,0
train-005424,0.2786713976139492,0.08343413580344192,0.720894304517908,0.8815835907876981,0
train-002014,0.5958285340845194,0.14240673346397897,0.750625208459839,0.44263026024875646,1
train-000851,0.63716319633121,0.23341205112475688,0.8588301495768195,0.8570170999342758,1
train-004357,0.42378472208430157,0.11274800771011395,0.8280040217722735,0.8637172752599312,0
train-004890,0.6426801870750056,0.4012648694092564,0.7083745365300202,0.8295978967235005,1
train-002959,0.6751022842512245,0.07896003399371523,0.9689724098297751,0.6847922282459048,1
train-005593,0.4844391799835128,0.10754512983207531,0.8665560407359959,0.45680995334476,0
train-000229,0.4654536796454881,0.15000511592806984,0.8609888943847901,0.39905655824698594,1
train-003846,0.5500887821057331,0.09279652611248465,0.8208886520160996,0.7123459731894708,1
train-003951,0.254209087916406,0.43045160748279715,0.9328954104464479,0.4303329693829503,1
train-002216,0.2745841647339888,0.039569406213964604,0.66951312015885,0.5439219620825511,1
train-000383,0.412685640590142,0.40531367497099136,0.875937082811646,0.6861390519827592,1
train-003668,0.6762110148593783,0.2707387674672021,0.6712308614019759,0.6761937586239021,0
train-001245,0.3739004141826471,0.39143157477179397,0.8167478966832842,0.7048427525779962,1
train-005123,0.49345912596976016,0.1013381268680328,0.8544742446826813,0.783037931400534,1
train-002605,0.6787089240609205,0.1669973299815102,0.9141906766774255,0.7206392481361333,1
train-000524,0.5071369835049989,0.307789499874704,0.8903815742536317,0.7855024839904036,1
train-001786,0.4766012249966837,0.1414432723711345,0.8534928545330196,0.8671685527431104,1
train-003772,0.3244774676288046,0.36027237502424553,0.695295426671387,0.7271300135568115,1
train-000606,0.6449514410186009,0.4110558089267572,0.7115102885820722,0.8541920676644172,0
train-003465,0.5599040973187557,0.4073381313927088,0.9013760425815868,0.6904542312918052,0
train-004735,0.45173035620718166,0.15101151761434903,0.9414672152290275,0.7456145428551317,1
train-002775,0.5976325117538241,0.06061667316573243,0.9109910629321754,0.7969080353137211,1
train-001090,0.5433657323181985,0.2011617423326051,0.7864895138107092,0.9313787885717411,1
train-001857,0.44465953316164547,0.38815221037781195,0.7702654051719953,0.7159324414993914,1
train-000480,0.08732480289425532,0.12826560299861609,0.9204218491041797,0.3095890690401244,0
train-003606,0.3886514588720834,0.11601932856505112,0.9395192818064768,0.8604341015039471,0
train-003521,0.5930281785778474,0.1382391064359538,0.9303307632132527,0.6937194773930773,1
train-003533,0.6022967247792846,0.40808262528604655,0.9049924042797194,0.5347103803261689,1
train-002291,0.6438897474587238,0.02098208228355674,0.7724319887666444,0.7426218778534832,0
train-001987,0.3368154130237453,0.2657687971019312,0.8064044847141955,0.5314152151539985,1
train-004892,0.4481550768535098,0.0940707270696555,0.8666394872063204,0.8176631106433143,1
train-005104,0.5833623716604062,0.2130095450781325,0.9865388430953539,0.6361149454765933,1
train-003134,0.2697358781892716,0.2857872925803897,0.6324628703080868,0.8767366318974206,0
train-003037,0.5800274697182269,0.08234030116574031,0.8854797278105118,0.809922469102288,0
train-001122,0.31998452580313336,0.49477062571378977,0.7573890914114915,0.9460763692033904,0
train-004847,0.34973739568580003,0.23362773925767333,0.892220073340739,0.5795436019757332,1
train-005541,0.6393875703969327,0.30029687241346303,0.6911924028696663,0.7495987613577374,1
train-004154,0.4236888861764154,0.2473009331714161,0.9036288374206081,0.8521928685455363,0
train-002328,0.4290074748021161,0.1817812909650518,0.8745150868175995,0.6748946103003635,1
train-004860,0.42784707953647444,0.2749927153643237,0.8385528325126792,0.8204729965638953,1
train-001071,0.7591891804058881,0.17273081585897207,0.48025172361889257,0.7511470438275654,0
train-003301,0.36372352392725277,0.2792895846246276,0.9615249850593128,0.8931548697521949,0
train-005579,0.4073128896255974,0.2252266701202673,0.851524909421942,0.736725543945447,0
train-001082,0.5083370410262847,0.09372129837025828,0.892251495166926,0.7868122777775349,1
train-003339,0.32948144818033126,0.1672020686761495,0.6055778310433144,0.5960725051967454,0
train-002456,0.5541377037087032,0.2923941351176385,0.7803660874408038,0.7431072608934359,0
train-000431,0.5086986854329862,0.1003373092550539,0.8371875050372222,0.6039064602937986,1
train-003032,0.6127709890191386,0.4517574464767359,0.7951388876297192,0.8541098782207291,1
train-005251,0.384489845923711,0.31497573213663144,0.6995112707917751,0.37082124714085746,0
train-004641,0.3647727989108395,0.08179691464559659,0.7339037649080672,0.7734102823478589,1
train-004869,0.6397903001242251,0.14026660759795745,0.9237466441911601,0.8008959978957656,1
train-005595,0.5577915025868321,0.2108368005120085,0.7797036286287773,0.8299023131263945,1
train-001069,0.5881659122698685,0.26437947259564476,0.7726507008035051,0.9872010972836966,1
train-001327,0.6443774190126873,0.04804086801397885,0.8002070109745625,0.741032295663657,1
train-005591,0.4830947087550569,0.2744716476840339,0.9535039403428899,0.8232453261665055,1
train-001562,0.5834661525073277,0.2500088558090675,0.24977839058216547,0.6660448940650454,0
train-000748,0.48462725542783114,0.30694320560734983,0.787490517531525,0.8975403081923733,1
train-005761,0.779250869757668,0.11103360577143578,0.8905659835076021,0.5601656621516847,0
train-001793,0.7775445970145708,0.0684864736603758,0.9903819871170332,0.6716005582057625,1
train-005342,0.5207467891672244,0.23248489442055248,0.7665579788644968,0.5626760012142631,1
train-004987,0.6151139098705063,0.10794973597095123,0.9431507563546597,0.7924927455019356,1
train-001966,0.2579251484557175,0.34257681784622385,0.8873612883854272,0.5262348295737186,0
train-003242,0.5681997600240952,0.06102254825041151,0.8952296738866323,0.6232786902963836,1
train-004805,0.6847948769840342,0.03860026394799696,0.960571694025559,0.8944100503005306,0
train-003403,0.3582219968429629,0.3856363353867086,0.7778842897482368,0.6480368192457674,1
train-001312,0.795475604233375,0.31516987588534656,0.7776111554846147,0.792791167456767,0
train-000136,0.3824377972659158,0.09879223651229271,0.7928669121567081,0.8985617317936817,1
train-002495,0.4143622278473454,0.13353803922455487,0.7869778943660595,0.5939777934086231,1
train-000535,0.49222190324540605,0.09466527310327222,0.769263745142379,0.7440562665424221,1
train-000239,0.49484185533705827,0.17953325439088705,0.9343115485805148,0.46967774229798515,0
train-005302,0.6735320239876151,0.6150605250649965,0.9073280109399746,0.6601243884623625,0
train-005419,0.4488817990742418,0.3557826000186372,0.9628642862111911,0.4964788638840442,1
train-001594,0.4036527377751853,0.1452786290637892,0.737476863112429,0.8207869476502505,1
train-005813,0.5803657495642748,0.16675830650859505,0.7921883709419392,0.695762356119192,0
train-003443,0.6819227868171167,0.28436995516185143,0.8510390587891594,0.7883432802616309,0
train-005294,0.5716083951624843,0.03619380439378658,0.8495615032226824,0.8233979936100962,1
train-005728,0.4502852976913626,0.11902146690279775,0.9557365264267648,0.7020857907256429,1
train-000872,0.15630862414418747,0.24718952885974857,0.8473816728915393,0.7338288482386949,1
train-002637,0.38900120874584015,0.18741201455310885,0.5251429914813301,0.5379315108621018,0
train-003719,0.26214221073449784,0.27998418067109354,0.9462893209845439,0.6658872445864691,0
train-001527,0.5003220005318739,0.04901873635598034,0.7478980776234977,0.9482686461528974,1
train-005122,0.3683952977169692,0.09772053109721769,0.8315039024722487,0.5668480967572809,1
train-000511,0.46068147485641614,0.12623325962920331,0.5955879985580869,0.9085707271273229,0
train-000035,0.3111441126448056,0.41274122225605325,0.9506106057666324,0.7161150272189895,0
train-001712,0.5923147120875275,0.15286227092009994,0.969510046324536,0.44569506261525377,1
train-002908,0.311036885116441,0.12113759290150755,0.8136679614768335,0.8085885964505815,0
train-005370,0.22291146769657078,0.1748737602948089,0.9196485457217113,0.6710441441351376,1
train-005574,0.15514252258042605,0.04311113922950896,0.7717282467962361,0.8246318746912465,1
train-004341,0.6559477997402954,0.2123662837398308,0.6366538773535095,0.8448953043095165,0
train-003049,0.5636210788885397,0.4664595543489322,0.8408332356089032,0.4998731916220125,0
train-003470,0.18741415604777248,0.2556992557511015,0.9199153497803836,0.983909427682367,0
train-003596,0.2930789886652787,0.18377468264715138,0.8182751893122392,0.4607797414971787,0
train-001328,0.3463769690705223,0.13595740152480482,0.8567799996425577,0.9054985899776865,1
train-000915,0.4473175768419363,0.1712400885230063,0.8104651470384078,0.5095668569062491,0
train-004937,0.4359761465006328,0.3239018911804934,0.8701837905399448,0.8056240525778906,0
train-005704,0.19144871178795525,0.05689581420219671,0.8193280223894055,0.8484841440017548,1
train-005143,0.43464568119225605,0.2457552474407584,0.6394757462897583,0.9465915240971204,1
train-005091,0.7544429922600842,0.1396247544657607,0.8363642182695529,0.5656156585283224,1
train-002333,0.723824028570292,0.1336932125441399,0.9352975189744724,0.7795102832965966,0
train-002012,0.4301683297786873,0.24676843017530925,0.8426811377636978,0.5843333700690864,0
train-001272,0.49012028670837404,0.2376666547672465,0.7175528503922859,0.9694837350077502,1
train-000036,0.31984837191964366,0.1447445737679117,0.8363663936686374,0.47370578401558233,1
train-000117,0.43131857012217834,0.17114960907400859,0.9360308525174739,0.5929459992476084,0
train-004610,0.4006635141941007,0.16246809292436357,0.774846805130051,0.8482595941399896,0
train-004231,0.1838227645211708,0.15803352605605456,0.775380806913157,0.6692205982015438,1
train-001233,0.6227426484389604,0.3131545942977301,0.8890363357568956,0.8118876009820795,1
train-002273,0.5456942379649853,0.31466964200334346,0.8633977455088884,0.762828235235623,1
train-000882,0.5483599295972572,0.1202317893011655,0.7212036998177008,0.5377702412749178,0
train-001223,0.5038956718250137,0.1741136998934065,0.9115746972608274,0.7956223076407872,1
train-001962,0.314184568498345,0.0736280722548774,0.7654470508259577,0.9087838347487808,1
train-002769,0.5098929777362289,0.19946577253621417,0.5291383347471366,0.8018252195110991,1
train-005192,0.6788730354508105,0.15773624897883012,0.7957967189003141,0.5227323889469808,0
train-002964,0.3357099695602073,0.27177802892039815,0.7452596275948106,0.8271593292156689,1
train-005355,0.4266559545593938,0.14487105330672703,0.8662357202250905,0.6547794217482161,1
train-001511,0.4961595184116624,0.4263307049831587,0.6875864773992948,0.48877511928634965,0
train-000417,0.5997330700704887,0.2053273384548811,0.7099974487216354,0.7943306191962322,0
train-005515,0.6533122483756052,0.4958519578389298,0.8556615122959553,0.6536409651881478,0
train-003929,0.45177338194732636,0.5213530223576989,0.9211501427651192,0.8920928569035125,1
train-001219,0.4477178000964306,0.14115670531236926,0.931951740600452,0.8529013627100004,1
train-000351,0.6991973106744398,0.310941355899878,0.8049447140816287,0.7326842053020827,1
train-002087,0.6044087230316441,0.25343601057416937,0.7029276245439671,0.5039716055811856,0
train-005326,0.5480354782927546,0.0677841543345227,0.8936067471222616,0.9041439009198894,1
train-005020,0.28708189969349157,0.5909185852108553,0.8232772102339169,0.7195887799836281,0
train-005669,0.3325673121139329,0.19623576164906617,0.9140891675870442,0.5871991523791724,0
train-002111,0.4963091514909125,0.09975892526958921,0.7779072147879095,0.6377126754372618,0
train-002146,0.3223821303493431,0.17810805951063105,0.5129919574805892,0.5187458701801286,0
train-003366,0.6870441209914058,0.22628926210265632,0.9287846572067499,0.7695304522282089,0
train-004418,0.3331939341425378,0.10499288537862526,0.5953667500316627,0.7826429158462486,0
train-004638,0.7670109121545639,0.14648132155489973,0.7349138087029721,0.7114343197211445,0
train-004417,0.4129088369579834,0.11190653522667095,0.7069079756640957,0.5752037162020328,0
train-005868,0.40625927552386126,0.14035563092009978,0.8473868825107025,0.9346224890172921,1
train-003537,0.6640772490801546,0.2641829480847675,0.8452507274844858,0.8239036326138574,1
train-004965,0.46148570286363555,0.45802678420089,0.847272624733107,0.9360054975428466,1
train-003503,0.6192786150985875,0.062026943414497854,0.9335097632241419,0.7488289707158693,1
train-002260,0.7067709844606586,0.27670431104480514,0.704448713585417,0.5804210405935784,0
train-001379,0.39599698933260224,0.07290382407818255,0.876837336022616,0.49278754257779456,1
train-002099,0.10781703639499335,0.40959569598485285,0.9402665666847934,0.9738284066783036,1
train-005809,0.6293593836097031,0.3181280789421177,0.9044936449387926,0.6854817032298293,1
train-000604,0.6985949191704823,0.12434158771622232,0.9508945364141798,0.37219243207988995,1
train-005292,0.4764337361630688,0.07378549006860771,0.6796025254345222,0.5283179380875741,1
train-004163,0.8198452502900965,0.21243999107448175,0.423963808361596,0.41649953263153155,0
train-003115,0.5789994635145314,0.2601582144224704,0.7495726805300654,0.696558363284095,0
train-001523,0.507428736628254,0.1799276174681651,0.8033822776032578,0.6927710025143964,1
train-002606,0.772963231849672,0.15267682122726473,0.6737526333081187,0.9045139477328679,1
train-002193,0.46264759788967025,0.15377604057115313,0.9028463859599496,0.7266131626761166,1
train-003487,0.5849406508204711,0.06140620724010688,0.6146009330500353,0.6657193721901524,1
train-001483,0.5425625116823113,0.09328406399530978,0.7380357942722985,0.703243992337877,1
train-001522,0.5351969334355,0.39711084637776817,0.7778334105980155,0.7240792253485664,0
train-000965,0.3964591314660482,0.060213352030452326,0.7999878040026669,0.8230935758968639,1
train-004190,0.5197554920139879,0.3346210329549865,0.8556584202016176,0.4680103216883517,0
train-005038,0.3870369141853711,0.05076705604900091,0.8452254034242596,0.8770460811144354,1
train-003549,0.6330187195840357,0.11007815760838613,0.91995947121502,0.8107180882915199,1
train-004906,0.6451717504815672,0.3536686678896002,0.9529743762917684,0.7825346448130479,1
train-003758,0.6979317637454555,0.24397082982905974,0.7504729010416858,0.9012628141776066,1
train-001557,0.35713584079852345,0.14699071504238506,0.9328621071731388,0.7643960793148538,1
train-001361,0.3035743715115825,0.0574856042314498,0.7019025459136988,0.7953323302776691,1
train-003567,0.7237725445635124,0.10967324500324174,0.7298596360140144,0.6137860006687094,0
train-002748,0.6782001455962009,0.1847364124418779,0.9350476021357373,0.7866641516925917,1
train-001606,0.7147964799301583,0.24617803618325318,0.8598598907733309,0.3476728611290855,0
train-000963,0.6384610084547565,0.06670273814089499,0.8125142163378204,0.5942539022579038,0
train-003290,0.2019992421119819,0.24850560233271743,0.8132667420551535,0.6576221831972394,1
train-004622,0.33192000061650295,0.3086333536061395,0.9858479372133885,0.9144137162432294,1
train-002809,0.4074109780919339,0.010562050174150914,0.8227778504501556,0.5236448972075861,0
train-005289,0.6150363767521185,0.08899639518313286,0.7002596604894032,0.4620094023866915,0
train-005345,0.29115392325527245,0.1911111710241776,0.7534872531868695,0.7428170535283788,1
train-005285,0.4135762935710904,0.36266772888674587,0.7862029648840049,0.6808103785632584,0
train-003458,0.5671468347994485,0.11575994618869219,0.8461251643864092,0.34477731431962905,0
train-005394,0.7224035453400106,0.053958188865368274,0.9294085897484838,0.19452850861691687,1
train-002943,0.37422526908622994,0.1133529709669357,0.8424264173749785,0.8136354445176309,0
train-000690,0.3180792785871512,0.0496632872936231,0.6586235966096011,0.535431757048448,1
train-003053,0.8508681037268422,0.22610534927974013,0.9378872580834021,0.6956564396510361,1
train-000526,0.6145803590921389,0.10391073064252579,0.9917884499884914,0.717990722625653,0
train-000627,0.47098844924957245,0.09814963195994085,0.8513835885154195,0.8014560000726305,1
train-002430,0.35720556867873166,0.10057428360189133,0.8495466179017896,0.689809582996361,1
train-004236,0.25265721013810605,0.47443104876211195,0.9465160888500715,0.6805683414351036,1
train-003701,0.1571337142130101,0.17749345028600533,0.8935390375624301,0.759088277895222,1
train-004745,0.7114788025439951,0.14945745363483434,0.9272768793610636,0.9037302089329842,1
train-004093,0.6449608419078435,0.08808661992780364,0.9852767810359406,0.5633822913249659,0
train-001844,0.3068680225615104,0.4196024832033789,0.9858942558493646,0.8098233957476088,0
train-002675,0.36804612962573224,0.2780326665912965,0.6892957469678969,0.7456167395984636,0
train-001231,0.533066630804434,0.09989131152946693,0.7687751670957802,0.8278875049478106,1
train-001230,0.4663361325368092,0.21633565948480715,0.8897155109225315,0.9860460655174451,1
train-000861,0.6218868283052217,0.3292153458100151,0.807575287345392,0.8258212105722326,1
train-004968,0.3699433248677619,0.44719332218105146,0.9018878461614208,0.7925830873817503,0
train-002132,0.5675823766045038,0.2394253952603626,0.6934072424011661,0.621610569227109,1
train-003773,0.3642178453974691,0.19391932534163928,0.8734385535567482,0.7352041669638814,0
train-000700,0.6032767166411602,0.16727538187587826,0.9007203677197345,0.756543669792508,1
train-005653,0.4246030975698107,0.30316355595051275,0.9497063625882639,0.806874214502179,1
train-000251,0.40450626072982776,0.21931629265316388,0.8051647846058446,0.6019761965318835,1
train-005911,0.3015822229355959,0.15150221050357301,0.9124921828571556,0.9704535109609285,0
train-000560,0.2746846047178,0.1350450470030783,0.8156436498607718,0.7683620236243954,1
train-002271,0.32142651565674074,0.2637043127707058,0.6653035361686486,0.9108148755315458,1
train-001430,0.5916721809391823,0.10227561435803613,0.5078690795201234,0.9357264481510468,0
train-001995,0.3150838450771791,0.0837371714217516,0.8176181797202309,0.5802579118650931,0
train-001728,0.6379860348169266,0.2030858199466809,0.9194617077708102,0.8650256722930979,1
train-005144,0.6606798110029598,0.08867433479625754,0.8925447953773231,0.5169571775124725,1
train-001267,0.6395243178888692,0.26926685700095676,0.8787642206227952,0.8056150570859952,1
train-005296,0.4597835404799595,0.23798545181280115,0.8664580230460134,0.9764743280800265,1
train-004575,0.5013127331217985,0.10707181459587814,0.7754334950643252,0.7325834337220014,0
train-005757,0.41704828710307407,0.035368524559507966,0.9549701088840327,0.5814069155874669,1
train-001774,0.5864510355130786,0.04834375458913398,0.8002702764178627,0.8722891995939902,0
train-004611,0.2875058185895476,0.10068433941578832,0.7573199921076635,0.6119633228275212,0
train-001888,0.5046326097319692,0.06776905462296993,0.8284539331898186,0.5655669293336962,0
train-000412,0.3253396663461929,0.047390870560353654,0.9108158152845779,0.876920863034453,1
train-003015,0.46465062428768467,0.27979852212541245,0.42063675570403997,0.7481299875434647,0
train-004608,0.7012658928129115,0.19754770314021758,0.8063382952393635,0.6696923727210174,0
train-002363,0.7283903958603698,0.09929425266524389,0.7095147521295957,0.9007754811802076,1
train-002896,0.48311823464747927,0.17122162624052087,0.5832366495824838,0.8005955969258384,1
train-000525,0.41708210508839944,0.18441288579598578,0.8598527833881799,0.8571772992161162,1
train-005826,0.6333647281162567,0.34412197771006237,0.815246316272335,0.7810808355711243,0
train-001965,0.5214016959702955,0.11631744932749075,0.9267225083304838,0.899510508281094,1
train-003360,0.692231496853443,0.14711041714523448,0.9163767472726215,0.7147153665701176,1
train-002281,0.5313042124215114,0.05635740917988807,0.5257233663624759,0.7522757612891585,1
train-001820,0.17455066532614874,0.45843075291430774,0.8821230330202973,0.7240455763806409,1
train-003003,0.7225588496923697,0.23612883115146358,0.8247167785312439,0.6842057169098688,1
train-002121,0.5742907061914136,0.12154919898051489,0.4442759904955727,0.6188470828831506,0
train-001590,0.5457807108338757,0.2505983631788273,0.8438891350748494,0.7252292898383569,0
train-000908,0.5448905454490715,0.02992111918868799,0.8293990761356892,0.847395299908332,1
train-000799,0.5489646024693495,0.012530504301077387,0.9634212987137222,0.6963539897883504,0
train-002933,0.5006273669119428,0.30912871369238204,0.901727034187885,0.799210832406155,1
train-004074,0.49446122152684807,0.13683030078616057,0.7635325143059598,0.6100780018240963,1
train-002323,0.8157917025257492,0.23547391146956728,0.9587671562912149,0.6552264985760494,1
train-003423,0.4258200280425811,0.3778534089097782,0.7804118685415747,0.6828211305267797,1
train-001346,0.5996191078084204,0.09122104163035712,0.8909131881304454,0.9407158129997685,1
train-001020,0.5148912837640337,0.026820189787831496,0.765642609152891,0.40833816309468174,0
train-000354,0.5147078357106138,0.08258864039622076,0.9593865063987111,0.6230716862263358,1
train-001349,0.5029694415665812,0.37161677636374185,0.7878955035638107,0.9259165565838514,1
train-002998,0.5340330875138855,0.14428027257865236,0.8021534177112608,0.7482422378460887,1
train-004867,0.6322804906530735,0.36774955611411303,0.8901986784191237,0.8973802445597188,1
train-005738,0.4578647925057363,0.30919163451160303,0.85553920898226,0.7974077769536793,1
train-000493,0.40394063762474114,0.07836044288765241,0.6606519169990602,0.6744472964294631,1
train-002446,0.5946809927271591,0.1991756199811377,0.8590632497222037,0.929492776121352,1
train-002455,0.7808327247184756,0.08608616921824983,0.8523344707705187,0.4716500923777068,1
train-005078,0.5122211222715249,0.33226359997008287,0.9375180233053861,0.9030089453260127,1
train-005737,0.3550587805260247,0.06579809799713368,0.8298922939656911,0.541304776028386,1
train-004077,0.39428132477645955,0.20889053260357038,0.7571653229819758,0.8527674578817529,1
train-004345,0.2374956193899328,0.491170062478536,0.7325635720417846,0.8104186325784919,0
train-000171,0.3600019053226099,0.18822146884985522,0.846840049108635,0.6121464226876623,0
train-000464,0.45243584078400356,0.07933711414462254,0.7148705867442,0.566167323148328,0
train-002569,0.40152485134004984,0.16969430937420357,0.825531533350412,0.6824727669019561,1
train-003469,0.32220693575295595,0.21809801798589082,0.629899312648534,0.9033088593469472,1
train-005843,0.2488169339637435,0.3331640862928685,0.6646868751186504,0.6324681372880482,1
train-004740,0.572127308240629,0.09859027356502796,0.7732943808473466,0.40990341350956006,0
train-002331,0.2621361051130796,0.10522426547855444,0.770145642218096,0.8005168120526719,1
train-004574,0.5315974221946319,0.17155373206135838,0.8474641907610528,0.910403569035677,1
train-000138,0.44574935036755725,0.09325135607702562,0.46087575112447615,0.874937904608122,1
train-001194,0.537729299788572,0.45266036324588443,0.6812878833295999,0.6427568791785442,0
train-003899,0.34722752545231667,0.22164075967338437,0.8099430558247075,0.5050583701886958,0
train-004804,0.35037012947625457,0.17480694105155722,0.6848198404329733,0.873194545841446,0
train-001145,0.5350323307976665,0.09752453083768307,0.8791275346075995,0.715697543069669,1
train-002196,0.5602399377870956,0.11902686558510635,0.9493921860803518,0.9200079432352146,1
train-004764,0.6309072267537195,0.09834654312780519,0.8812096591598721,0.7537561800740791,1
train-002218,0.5015236127740351,0.4907064388636695,0.9906378310516922,0.7208090589740533,0
train-002567,0.44563040440211227,0.2748014197303192,0.8639484904359949,0.7782581960920772,0
train-001589,0.31849924148641284,0.4827958344824747,0.8844744789209953,0.631827917773128,0
train-004598,0.5756535057565934,0.3408338551265574,0.70402916712616,0.5921921960721224,0
train-001375,0.5764322606886229,0.21976562632281885,0.971071196185661,0.7468989096670714,1
train-005193,0.5652106302992759,0.22703630921795165,0.7230209952734246,0.7041567822986726,0
train-001181,0.5289203716500783,0.29754085674305003,0.9613582298771498,0.5808758567265608,1
train-005453,0.6475676922998213,0.049750532069551275,0.8154559951163008,0.8497899756152625,1
train-003551,0.4813917419456095,0.08181247119851813,0.5051164031668696,0.884244320836028,1
train-005786,0.5102221591626223,0.0952463382865806,0.781749583691774,0.814013565383228,1
train-001205,0.5970817440799463,0.10140013076561825,0.6103070074919376,0.825553333241641,1
train-005063,0.6556824268712957,0.1428223268615851,0.9220357957757364,0.6264121711631881,0
train-001311,0.29766197000211464,0.24701776904598194,0.8999390098427512,0.8128255968286586,1
train-005432,0.47702023066672283,0.28924328135920235,0.8676187454755883,0.6761945239660557,1
train-002728,0.39131431015307355,0.18869402886918188,0.6597461690372581,0.7983330267133935,0
train-002299,0.5491236975679924,0.2593894647981468,0.8162307360598351,0.7289992778657223,1
train-001284,0.4913602418068455,0.23357327156733906,0.8732114859005596,0.7979721934101927,1
train-004701,0.5110832549186379,0.397316041738568,0.7783860823208052,0.5213013315623937,1
train-000234,0.5074698955209392,0.48981585446165204,0.9045846412288115,0.929087019752707,0
train-002858,0.16222331819915342,0.18900251646599014,0.8996054053899807,0.6194193917763475,1
train-005048,0.45979926407550475,0.33258661997757083,0.8646544757713858,0.895071332263926,1
train-001759,0.3981156952694195,0.4324507068773754,0.7327840291244859,0.8090949390463145,0
train-000699,0.5494352607984465,0.06365717134228599,0.9108266205520819,0.5893628333996579,1
train-003025,0.41081512688539046,0.2024841845954748,0.8942363941938051,0.8677193891167524,1
train-003512,0.5326836293015662,0.035668200784456455,0.9109554954375388,0.8312346352166665,1
train-001641,0.6625861408678246,0.06165887961180126,0.8881430755288698,0.7772534295446009,1
train-000011,0.519889806864634,0.4420215558138826,0.8109397215832331,0.3351821883847673,0
train-002312,0.7051554608607349,0.2771582659666742,0.9470799709552958,0.45890458045340565,0
train-004308,0.350853569784757,0.19755100552510776,0.953579094247754,0.5760501396288751,1
train-002871,0.4525039435153209,0.3343708600223472,0.9651682997981027,0.8733648686655334,1
train-005840,0.5152080715003434,0.27142533317908224,0.899399876427799,0.4439391300640343,1
train-000430,0.5776666009089366,0.051120821396864254,0.8083698673784013,0.8823181994605925,1
train-002382,0.6717130751380251,0.22688098048895536,0.8279060808462068,0.6955620196704739,1
train-004612,0.38904256232801343,0.2849567819640211,0.8145860784311283,0.9218591347947253,1
train-001297,0.33342554582557143,0.11701383228468408,0.8474668700976558,0.6623243008598247,1
train-002294,0.6929971270338309,0.1443998064402625,0.7180954399541316,0.8586172473759208,0
train-005711,0.4181581409129478,0.21425474370990233,0.9585487097650762,0.7498514087344413,1
train-003196,0.8392082665616776,0.32103409154860096,0.8488326418787144,0.4978481801317452,0
train-003925,0.2109939839032326,0.2836028170446503,0.8055509363571999,0.7657214555314413,1
train-005607,0.3286805750408681,0.30573571131377975,0.8743889376350554,0.4864564316865006,0
train-002614,0.3592115892739846,0.2536363202558433,0.8210968269641098,0.7311258230170913,0
train-002913,0.7038539678674756,0.15050663197128286,0.8690409286786036,0.583689781829722,1
train-001842,0.5447448834462165,0.06426657755480139,0.8255624121153299,0.459256863368104,1
train-003413,0.30524483761220095,0.26953835427427036,0.9527388640552394,0.49504000533747056,0
train-005036,0.37115842858782144,0.041431852575392204,0.9694767063456877,0.7371741892815341,0
train-002839,0.478664723598441,0.6654320873214141,0.906449095281726,0.8329671295669314,1
train-001414,0.39795572879659136,0.09871215664430621,0.8309583560635254,0.8861242440302225,1
train-003500,0.35615145967004064,0.1399968291984918,0.7783060019877718,0.6756673598287333,1
train-003081,0.5827449103157784,0.396771955189786,0.9549825126413861,0.44020206137291157,1
train-000597,0.2082534695722363,0.1571316529770528,0.9041935363836421,0.816470156950966,1
train-002524,0.26204409079259683,0.18847753682317037,0.8741030107350701,0.9664204625294683,1
train-005110,0.473979835709773,0.0012414060151571846,0.6516286275326186,0.8569213996749824,0
train-002516,0.4722246681989732,0.2959378566793664,0.8753591151952966,0.8867516914343913,1
train-000163,0.3935414289806204,0.3877212795472432,0.8160461528917529,0.9478075909476453,1
train-003461,0.5300264783199529,0.07059515384958624,0.7867923336745797,0.6141059374815196,1
train-000774,0.515511258672637,0.22219964907735495,0.9318908523070176,0.5928831475305186,0
train-000250,0.41213971155176743,0.06256288758268135,0.9679075582896508,0.6338731301338948,1
train-003548,0.6059908571097109,0.12952105374232112,0.6999522584275236,0.6235212981060332,1
train-003243,0.38123650721303026,0.14851429020001353,0.84946287817568,0.6725234473185246,1
train-001201,0.3340991214554274,0.3005635081939748,0.7778857554411476,0.4118993106080729,1
train-000405,0.357297676384406,0.18818811437387267,0.7552541219931547,0.7028766921114802,1
train-002105,0.6951938666611736,0.1002443598715184,0.7853701552540487,0.5285126222171836,1
train-003532,0.6228605117391365,0.044107535907433326,0.8827333981140958,0.40942986851678204,1
train-003911,0.426516948437675,0.035771106807108634,0.8476762129144162,0.7511830525952247,1
train-000137,0.5577797464878468,0.11648932553880327,0.7718678067268446,0.37757257503935726,0
train-005023,0.4948498379311531,0.1118044464268701,0.554681103752906,0.8277572631755238,1
train-000637,0.640709610063677,0.38586207957546365,0.95660850001736,0.9168083544211878,1
train-001580,0.6196955525136897,0.142201432281875,0.8697070539369421,0.7959351957056283,1
train-000988,0.44165175344941787,0.2122050637533227,0.758712239534995,0.6357957105898915,1
train-003562,0.4988270089048435,0.1469224485943046,0.8650111971535059,0.6312319770402142,1
train-001330,0.5153834003697049,0.4162965345865914,0.8674506652248982,0.5316204640129789,1
train-000650,0.36883411373349023,0.357189038622571,0.8129755220390955,0.9251794860263406,1
train-001626,0.667627183103848,0.18605463537837838,0.6961642416472186,0.7009854321183904,0
train-000531,0.6562550289653247,0.07308221169232532,0.8617151874369011,0.6915588244556344,1
train-001870,0.2627650272405759,0.13965204010537915,0.886043639955261,0.7957198538076138,0
train-005007,0.39949566925650587,0.27102923372463894,0.8958363567213278,0.521829909806227,1
train-002902,0.2741699856161085,0.2389667231587545,0.8442011477928351,0.582749347092602,0
train-004728,0.46718506493049644,0.035523084510828494,0.7587998871761468,0.8012321719242849,0
train-002481,0.6733883296498562,0.14174353157512382,0.6655752224103779,0.5542270343152591,1
train-004309,0.4049252757930124,0.7376799427018785,0.8571986289867907,0.7084472622571487,0
train-000292,0.36180472160624116,0.13677120105819032,0.8872030283364254,0.782723981730044,0
train-000503,0.3014048797165525,0.08067579924097087,0.766372583695874,0.8312195445713962,0
train-002570,0.2859109817811191,0.24489786081526552,0.8493458207462057,0.7546836696714133,1
train-005146,0.4064119810975854,0.13319309994788706,0.8671773495825568,0.6940610991799876,1
train-000376,0.5064573868500637,0.2184834492609872,0.9480606026231622,0.7276108691672112,1
train-004699,0.32898593160466955,0.20667353434379204,0.9141050334419936,0.5790908668300833,0
train-004040,0.5665969883280751,0.42903251751745775,0.8505125523607313,0.5658999484562051,0
train-005357,0.759302423260468,0.2432289922057166,0.824097103049631,0.8771428188117479,0
train-002399,0.5809701669565374,0.14195923905359847,0.4649385161673021,0.7617688401436661,1
train-005117,0.6140077383050743,0.10198902436632,0.7310241224935805,0.8376113428884837,1
train-001212,0.3016303317842628,0.07176633326493241,0.7481569595780289,0.39696493199942134,0
train-005420,0.7577118422556353,0.3578342282780003,0.8122041046713143,0.4644803916410122,0
train-002303,0.3594206244307897,0.37661847136177107,0.9444338659269674,0.7776197299723895,0
train-005416,0.3767460386309031,0.09830833420079797,0.6600011754103207,0.7629513890035899,1
train-001665,0.6190026745021655,0.16041273034042058,0.956003822020673,0.7170334695520367,0
train-005985,0.5633924397617579,0.44981834113639846,0.841673557980843,0.9861750650101511,1
train-003464,0.3025285095436928,0.2252535055914566,0.8536417014358968,0.697851013623624,1
train-003854,0.3745884910629013,0.24292114107616833,0.8253185888726793,0.9460917960864051,0
train-000144,0.7315276426593758,0.19325504414232653,0.58108657128462,0.653117985668455,0
train-003981,0.6536181457231822,0.3549013715435651,0.8691982530909204,0.9050808801084662,1
train-005906,0.8225208067787133,0.11283643528306547,0.8623004592637817,0.6775742232882979,0
train-002013,0.500543283200711,0.01812748167588291,0.8593016524243549,0.6771443936681716,1
train-003244,0.5944783058726191,0.38130939106080247,0.6785299932492037,0.990404302633025,0
train-000165,0.5163753791703559,0.42129859719194424,0.9355517051535773,0.6654717931106603,1
train-004897,0.5579106703026907,0.18672400985525175,0.6832431173930437,0.8020004625760117,1
train-003279,0.5045554099989573,0.2835841715222072,0.7893048740974606,0.7377496509420124,1
train-001751,0.4156468218552329,0.12070531544678906,0.7102436401548341,0.48405560023761807,1
train-001050,0.26409251268704265,0.3801607535953226,0.8714514642940767,0.8850905703702545,0
train-004069,0.4858389777992523,0.05294745592982888,0.7636678550510482,0.6940075407578061,1
train-003040,0.30836983540168394,0.08583982292473112,0.8815112583501723,0.6641197905194816,0
train-003670,0.5442117150744985,0.011798624452153655,0.7815894534428717,0.7388202035022001,0
train-002581,0.5125422079946211,0.23171833180628382,0.8071384805567303,0.576212255031879,1
train-004841,0.5709146969428863,0.10917495577963586,0.6751129608408583,0.43858446454006195,0
train-001190,0.5498197843197117,0.3097321567035651,0.8062685070851904,0.8841265766566112,1
train-005229,0.345512893157831,0.11054409339947453,0.5907681937987586,0.729284540973896,0
train-001204,0.9018876318348932,0.23554396230773267,0.6998270428317063,0.5096671641392847,0
train-004573,0.4753970659602918,0.08847129101760744,0.8309687078008946,0.8190800146782871,1
train-001764,0.5862578906505638,0.33147822620048445,0.875269442825748,0.8461001947669075,1
train-000442,0.38540057821049406,0.03740263094528884,0.8087405893731442,0.5390473630465957,0
train-000685,0.47960616163814224,0.2487778039507658,0.6774882902585838,0.5376032807854229,1
train-001828,0.45841825729908375,0.10256070794524984,0.7982708890004884,0.8746840596661987,1
train-005437,0.4917866993690647,0.13486570375661938,0.986948706962938,0.7209069035643032,0
train-005362,0.17434700191299826,0.05351573491017486,0.8447871240936929,0.5731612841473058,0
train-001016,0.48138318376250805,0.3445851132527061,0.8008666109889858,0.6338934241887496,1
train-002653,0.6263036730933113,0.20512910221709285,0.818951500068744,0.345972392783954,0
train-000186,0.446715754653909,0.13261805198431784,0.8810754266795987,0.6412239299115208,0
train-000960,0.565735407601319,0.25637661142112533,0.7867933760970779,0.8940594483072419,0
train-004087,0.5608500999145811,0.3892649882367087,0.9013208571972766,0.30197427639732405,0
train-004150,0.7099323126199745,0.029049441139025033,0.7200260723253183,0.8480664726912261,1
train-005397,0.5370086583334259,0.2083094669196682,0.7947527481358012,0.8023873543138671,1
train-003210,0.5196209815001831,0.02358573353599944,0.9221451128164412,0.7166284810579151,1
train-003230,0.5713010749008939,0.09135782034534716,0.900924367303486,0.9135550175250012,1
train-004183,0.4780720058630859,0.6737080031250776,0.7757834175465786,0.8344756617732542,1
train-004772,0.4777865233589768,0.08972831415298756,0.5743452125697993,0.6364807013743774,0
train-001287,0.5582555845276593,0.08717965607960496,0.9030197322291817,0.7312059135943328,1
train-003856,0.37009914431094654,0.1605479923842194,0.973127085534298,0.8907212475069827,0
train-000183,0.30145460764370946,0.16987316708148256,0.7753937473183973,0.90607305878412,0
train-000983,0.39092594950783477,0.17623539927008544,0.6710303678793331,0.6513088342567516,0
train-005467,0.5234476431539403,0.061396619855790084,0.8940912462575697,0.7049075763131903,1
train-005527,0.47014617073180925,0.2576931045365436,0.6744021887858225,0.5004539753453336,0
train-002265,0.6923976864373947,0.06265479681040127,0.7405265279624735,0.9339811558221877,0
train-004258,0.6621989065449214,0.1249131875194345,0.8053087395206528,0.7186033125705253,1
train-003468,0.4979436474057157,0.2686262520590791,0.8648238023101688,0.6020291572957813,1
train-005956,0.269030361203766,0.10989394298691495,0.9428703723405596,0.8065733823200228,1
train-005008,0.317570420632872,0.07986155558490025,0.7612597937693307,0.8228517756195987,0
train-003740,0.42967383890093747,0.254178919822771,0.49205665196822307,0.9125946452165222,1
train-005269,0.39667485509989464,0.25766043157660284,0.9142980489188971,0.7028094086539171,1
train-000667,0.30966405057557617,0.1559612311989571,0.693383346957505,0.7410091961174988,1
train-005635,0.4497004075061942,0.0040741054798610335,0.8825818262305791,0.9238073689460603,1
train-000355,0.5875200410036422,0.1753707587064,0.684552336973647,0.9639819244265141,1
train-002779,0.6602573524537841,0.17449725116799483,0.8098186527850024,0.7552016060031803,1
train-000595,0.5372118992868493,0.1866889461179606,0.832023843260728,0.5764526886814446,1
train-002599,0.6307113266583346,0.34010631599001884,0.7425111442519277,0.5218561992414321,0
train-001477,0.6771752422742418,0.21014171807681872,0.8699279286953151,0.5231999690312487,1
train-003731,0.683986627689917,0.1682241292480886,0.7712604760725487,0.8638359464325233,0
train-004117,0.4187116603403115,0.36231928967681476,0.726447967773435,0.6900269137558931,0
train-001138,0.27806812020011434,0.24579974524059525,0.718143439689636,0.6770897465030816,0
train-004160,0.352967431435525,0.3353944852968016,0.8747490130636247,0.6384861852222261,0
train-004199,0.49985822389744683,0.19047123747952505,0.7758548725384976,0.8006982908670539,1
train-000095,0.8839223069830134,0.08708783691027595,0.9536083369881749,0.7225209529197066,0
train-001034,0.4731975527157035,0.09318857481089007,0.713637384044899,0.35836567545005543,1
train-005055,0.6286037751667716,0.026351696231217258,0.6934036263249472,0.3914112123972768,0
train-004057,0.529838325053918,0.34447936974473975,0.9652530107688347,0.5700945424348819,1
train-003897,0.5156214319772854,0.5035403698694687,0.9267157278942766,0.6956761158934567,1
train-004813,0.4101070384113708,0.19260534396533274,0.868149321795719,0.6681048407752653,1
train-002931,0.4207293113846712,0.2886789054306948,0.7965000511061902,0.77691738781341,1
train-000719,0.6696093215938189,0.04693719973439646,0.8563940560142127,0.5835588895547182,0
train-002647,0.3672969005032029,0.20720987038064992,0.9556941698148242,0.6162915604582115,0
train-003924,0.7034287193388892,0.0201853199539817,0.8027839790137784,0.6772418777140219,1
train-002450,0.6187355223164669,0.13340790972963712,0.9609605659919674,0.8575579363498733,1
train-003862,0.8682932259267552,0.03977046710672976,0.6274977261987887,0.2962534922438276,0
train-005434,0.20968749562706807,0.18184385559597188,0.8082004848305964,0.5778224501549676,1
train-004056,0.38937364739593716,0.1208804862190114,0.49886118279194164,0.8396235887947353,0
train-004286,0.6352345796835729,0.1530671309993653,0.9741588953115308,0.9160581316006349,1
train-005998,0.67969892918924,0.16545711649619202,0.8243532712614723,0.7299639306652893,1
train-002344,0.34813702709764166,0.43237091789647697,0.8888483605613101,0.4457938807484806,0
train-004333,0.46673203202270364,0.14086672807819092,0.7220505729266484,0.5484329006081126,0
train-000306,0.6369251973724981,0.18475328346938488,0.8983379729250145,0.6271516084389785,1
train-004654,0.45981477643665486,0.1361237958688798,0.8146603088252846,0.855901468132036,1
train-002899,0.6120711378164905,0.16183145659788442,0.8832072016215405,0.4338019310217634,0
train-001538,0.5982712444971817,0.14666536212402764,0.6460131971863392,0.7504461032879264,1
train-001263,0.390120740778173,0.13238792134154234,0.7366565739539173,0.8632697775904941,1
train-005300,0.43696247831854423,0.04531303049643725,0.8013214931751288,0.8370544701582776,1
train-004868,0.5809452166368833,0.185741849742854,0.8553050124690148,0.4430139799452091,1
train-005252,0.48135564770232514,0.13823334471649312,0.9274686492627544,0.9328727647700541,1
train-000184,0.6700790098386763,0.17423747457103003,0.9463170121798544,0.739357774919506,1
train-000403,0.4840100974874223,0.1609672472733252,0.8049434589201442,0.950516985554089,1
train-005974,0.7787661583188003,0.228670602846216,0.713129829794436,0.6670547848479887,0
train-002204,0.7688607090367141,0.07597093930852236,0.9290838802524143,0.7522801207483597,1
train-001150,0.48466894983191494,0.15273491380606008,0.8504742411532469,0.7016939107221098,1
train-005052,0.35141917114609905,0.1470806170361905,0.7343434752904096,0.9587199426631215,1
train-002413,0.41137620563312466,0.012688373818636689,0.9720266914659009,0.43749377426652436,0
train-002302,0.41375997234527445,0.4528964745696783,0.8797834415490442,0.8042316849570138,0
train-002857,0.2828333971266928,0.2731152838629885,0.940648390120635,0.6541636429383297,1
train-003980,0.3762825478345209,0.0595585723570457,0.9306331241115215,0.9121038960800553,1
train-003178,0.5854383636657893,0.2073340579302117,0.8124163578291435,0.7464714274695642,1
train-004835,0.4667041169184308,0.23989319900724124,0.6563673765414088,0.433554610620168,1
train-005632,0.6112090470690306,0.07302808014871141,0.9812930567060824,0.6980737780277566,0
train-002971,0.5696510043810697,0.286656063357247,0.6819067982730426,0.7006956882212775,1
train-000542,0.6526339889089757,0.3075347937551472,0.8000083692412624,0.44489820466074426,0
train-002262,0.3874088702897086,0.510598813087067,0.9389130246136353,0.7607803310999514,0
train-000556,0.6450569561354179,0.3417827262211125,0.9371403759582231,0.6668693641040716,0
train-004314,0.4970006228591615,0.5185080150347886,0.9701376453003933,0.8792451584234285,0
train-000933,0.45538603384245524,0.27659025001629345,0.8199332720839146,0.9024743402033547,1
train-003933,0.5625263060549323,0.12713153023539753,0.9138490774541462,0.5936254052327958,1
train-004676,0.3824363504380295,0.24247543039860037,0.8151307195778139,0.7618378423297705,0
train-003080,0.5477946652903286,0.10823458734669558,0.9460936946973925,0.8089856501496073,1
train-000801,0.3328100602391023,0.06647216188901994,0.9451498653481042,0.9569649441172718,1
train-005741,0.5058153768309369,0.09510796408416558,0.8745248679478621,0.6743295724197523,1
train-004229,0.5143603859584969,0.28141875132049965,0.949920066943717,0.8578408377022371,1
train-001699,0.506521644270936,0.09855446127181164,0.760863906454467,0.7770389135044957,1
train-001595,0.34195043349324783,0.17467483453421345,0.6661870500451166,0.7188723900538111,1
train-003287,0.5604831817304108,0.225602541050863,0.8043379338417065,0.8515817198768316,1
train-000803,0.6010899824196534,0.27471733848446944,0.7904667806838622,0.8506620512177812,0
train-000392,0.40531555998980434,0.18493209156489565,0.992043272408959,0.6519598581241999,1
train-001692,0.38554661821586045,0.3747232219430312,0.894003984060963,0.7426145012275788,1
train-004027,0.5898680007534162,0.22471603691457884,0.6480215297868368,0.456938678677039,1
train-001752,0.6663785983429927,0.06364175976574649,0.7441044987534128,0.73002911554448,0
train-002604,0.7094208417280533,0.13923818203175317,0.8976595406451875,0.689034550127732,0
train-001170,0.48212946313076455,0.056472623586162105,0.780529299017085,0.8815985233018895,1
train-003267,0.44990535177165547,0.050483516377395864,0.857541897993428,0.722042926717067,1
train-004801,0.42663409774853334,0.16333305699500322,0.8230513984092569,0.945397049324279,1
train-000028,0.481854301566298,0.20858428335103066,0.9308094438228715,0.4501594174384605,1
train-001028,0.6535021169596731,0.1466075020899385,0.8059985215813809,0.5695411606236049,1
train-005979,0.40073143594991834,0.0666519310453208,0.8606468752073184,0.42630113247693546,1
train-000903,0.49411251009863477,0.12421175849872798,0.8797129867618555,0.5389299538074058,1
train-005255,0.8050490926711914,0.3058578045978704,0.7955127506207866,0.9024225726749798,0
train-000703,0.4169971693190875,0.054585745133273064,0.877496795752993,0.9335558675699273,1
train-005045,0.6819934184025626,0.23403309559262483,0.7998273439950259,0.5309016807143815,0
train-004967,0.4317379911098285,0.0759664163803167,0.5701430003832004,0.6237250370161513,0
train-003407,0.4839156490820976,0.09474646328596262,0.9376787521278759,0.8042340030040922,1
train-004210,0.5732679737615926,0.35523937074632,0.9191885466807439,0.8782235790201958,1
train-002306,0.6572766375020715,0.3848983386543985,0.866144290469848,0.7112470972120414,0
train-005380,0.4842369722182393,0.08510145878207859,0.8057470479811191,0.8494938493932858,0
train-000395,0.5710394602934163,0.31197497524155066,0.7520606807917297,0.8810354091444661,0
train-005489,0.3414198513533424,0.06883578776127823,0.7239523568587887,0.877298911837538,1
train-001403,0.38908345222178375,0.0733973417162404,0.8597265775072072,0.4186176114488483,0
train-001662,0.6582200455127171,0.2867664636264027,0.8262234505362562,0.8861923504765495,0
train-004058,0.617407270797037,0.2368656379854608,0.8941806669174502,0.5889267150954697,0
train-001998,0.5607456780459467,0.11299797584465618,0.8655944018110816,0.912558420912836,1
train-005267,0.3601877276358531,0.21145226770108388,0.8515951426912939,0.7194746695100127,0
train-005094,0.29213775782481205,0.22132103005231787,0.8625330208829375,0.8809860567238104,1
train-001944,0.499354929390966,0.10679865621800833,0.8533775617456686,0.8563134815662815,1
train-001199,0.3411744725638596,0.43842734504694086,0.8413335303642189,0.8041226791229932,0
train-004397,0.5987997627192121,0.18080631499747762,0.5281138382506139,0.855787311253117,1
train-005244,0.3767299991006447,0.16046910511660417,0.8599984119372039,0.9683504084355354,1
train-000454,0.2523015151205395,0.27415390928427913,0.9304656288239194,0.5290920320674483,0
train-001488,0.578504170213169,0.012957806540784237,0.6537263026112563,0.23501315583636867,0
train-005903,0.6164257204443339,0.11684943375096152,0.9913503801270497,0.8004155469417139,1
train-002785,0.4896023183046964,0.14379551540604177,0.8626769100711648,0.5249674532011682,0
train-001653,0.5549653482787571,0.1851234238933726,0.7714201633256059,0.7123136172370815,0
train-003419,0.32843551929167,0.25741167328511527,0.8428928089320837,0.9029436888178053,0
train-000017,0.45051280135704197,0.21721845084026226,0.8958512390325406,0.8847767721435444,1
train-001497,0.5754188423958378,0.2177862382724902,0.8571102714330929,0.9660141539986433,1
train-002912,0.1328015414222712,0.07812414612755761,0.9162639524746511,0.6870614031604132,1
train-000444,0.4549518835008809,0.294968008972732,0.9099605704252272,0.8524135898802697,1
train-004383,0.5439426094598616,0.42633931857661916,0.7642401337130768,0.45143866951732503,0
train-003730,0.6298396247974525,0.5125063295371401,0.8685323296455065,0.9813324395322294,1
train-004592,0.44931150067107634,0.09434369046083874,0.9078709041894287,0.3866000169443834,1
train-003996,0.6634857735450489,0.10940588365145568,0.8432133988416898,0.8136422001985855,0
train-000772,0.35980220476024044,0.44128319614092676,0.7547562923734054,0.8427975366333108,0
train-004753,0.7460962238803737,0.3452093923232218,0.7596054793017243,0.40174450994995886,1
train-003671,0.5265046562939479,0.22228663137467447,0.9212019403640015,0.7268575240325249,1
train-003345,0.5705681720276345,0.13216825612688027,0.7595680302470039,0.7246065811743798,1
train-000156,0.6484120186428175,0.17332972023645832,0.9196431949783606,0.8259302252643242,1
train-001738,0.3192613653075384,0.25408627180167886,0.8651635420245527,0.6252203751091387,1
train-000752,0.7542251874751591,0.16026988803007772,0.7560787772770847,0.5560186264592979,0
train-000836,0.7475702088573408,0.14165225587198127,0.7211802582166517,0.8136883455303379,1
train-000106,0.47798986719371706,0.022143797214044417,0.8103425498824414,0.8743551947294645,1
train-003915,0.5071400364830008,0.052773734621467006,0.5771768998439358,0.7982366201360817,0
train-003626,0.7641637986208081,0.07193096216738196,0.8275442494924782,0.39641685364778667,1
train-003442,0.7055964528618645,0.11368081567250807,0.8556034406649493,0.808672981331625,0
train-002574,0.35331733369568225,0.14594613045842453,0.9153595927963203,0.7786642679203198,1
train-003239,0.6264077356693218,0.12858536409838062,0.936437356933574,0.41043329963603237,1
train-000081,0.5767632313136787,0.12337114978196716,0.9780607920544167,0.5255036686747224,1
train-000506,0.6463114520227229,0.15297369767902882,0.8848026282455957,0.7467252122026921,1
train-002467,0.5316150873790254,0.2148225206630258,0.9140338849623127,0.4188444875274246,0
train-000504,0.6751866976605813,0.25493658210299475,0.9032307263804975,0.873557708740261,1
train-004882,0.3566591419490266,0.008330061985802117,0.9162000107850256,0.7090814176389396,0
train-004159,0.4340568976966534,0.3916311282148173,0.8578503605291788,0.8599605265623398,1
train-002796,0.20289386903834325,0.03816659719999599,0.7665531986461971,0.854287772547462,1
train-000751,0.7465992647987063,0.22186047234236694,0.6953420312351108,0.9439932351129181,1
train-004310,0.37603371920034,0.17666598107907408,0.904571647011125,0.31802568913663487,0
train-000080,0.40235472416825435,0.11866101127058845,0.8682096441896447,0.6717306493967908,0
train-004106,0.5167971951848179,0.38814144417929175,0.6629781080788322,0.8848798813845792,0
train-005569,0.4401476742584866,0.11991429669653396,0.7864571982933904,0.8288240904724523,1
train-000853,0.24768970088194248,0.147490506083288,0.7087313325440401,0.7591441714252383,0
train-004479,0.5718071564003979,0.26451647252728533,0.6979137124512922,0.8482572921329584,0
train-000716,0.3268248204255681,0.14629475059982594,0.8030644871239487,0.5805921473433543,0
train-004468,0.2359673545996325,0.3777809153623062,0.8588615387665328,0.8208251974294423,0
train-003097,0.5770298255172249,0.28482752197223965,0.814921343834226,0.5592678822958824,1
train-005271,0.3098156834201208,0.014014401775612754,0.8982104345426515,0.7764142727818384,0
train-001056,0.5494058291559715,0.1389925096592435,0.9781288343293759,0.9880037802758376,1
train-000247,0.27943383874893774,0.1413691070032155,0.7541578391754347,0.444143751282947,1
train-003299,0.8639042811575965,0.10179734943900225,0.9122204568186828,0.7226547042816093,1
train-002575,0.3462900253285356,0.03542578161606796,0.8356199291884324,0.5319854814696685,1
train-002534,0.5450950041137477,0.2630290553468708,0.7696001074110039,0.7533846470968594,0
train-000945,0.4997117625715312,0.23582677802179441,0.7125789533341784,0.4787298232460011,1
train-002586,0.33393400922716604,0.2049490787071124,0.9712759242983391,0.8394892991936428,0
train-004034,0.6408547787914968,0.1695914923054232,0.7870714352454736,0.8900246335253454,1
train-003750,0.42121795439816617,0.18086040261854544,0.7451416032921226,0.9105237031750404,1
train-000944,0.5417439465439958,0.13015208556819768,0.9442208147560595,0.5442902247116087,1
train-004739,0.7165482832198915,0.4977944512098278,0.9199048468526769,0.8423049276704832,0
train-005395,0.4437998814652987,0.15389481029054025,0.9958411388484868,0.7416763917965464,1
train-005792,0.315087590060316,0.15342877267677266,0.942440449607159,0.518859378910616,1
train-001938,0.25565468156642096,0.5961704879798967,0.8750624983466773,0.5378806695612068,0
train-005427,0.313254490523212,0.2751737137907599,0.7745214559420002,0.5775043656085583,1
train-004112,0.4669630626204521,0.11933904293301391,0.7167703814759804,0.7453761329355562,1
train-000175,0.4330973955037993,0.11616845397946926,0.8190794436721346,0.4397776942483881,0
train-002930,0.5313758528257794,0.25447306088498506,0.8839724862536534,0.713684710881556,1
train-004955,0.491509901660047,0.08703005473742419,0.7162826975691702,0.3555705275158376,0
train-005274,0.2752902686734881,0.16676510137809894,0.5672104821401053,0.754075857328368,0
train-003346,0.2982442955695761,0.1757474081867722,0.8609623095277495,0.7139154395635002,0
train-002315,0.5733946509363912,0.09838105869964754,0.8992263828973203,0.5151311467713906,1
train-000121,0.4753711162971573,0.159860979867664,0.8983610400896507,0.6194806301183509,0
train-005536,0.6786237001256074,0.08817677454969554,0.9978518538027974,0.8952299799634122,0
train-005275,0.5327927274182774,0.09905879566815572,0.8814338279649572,0.27792036566199624,1
train-001409,0.5151901583063448,0.42397287590736715,0.9464607787042489,0.8439848029122569,0
train-002398,0.6706283903750977,0.468438333742967,0.7850338816834923,0.5055850037555631,1
train-005767,0.6764451108427618,0.42940438611129644,0.8165328053200334,0.70344175193595,0
train-004326,0.4232573600544199,0.307844910654902,0.97396976606951,0.3693958984577897,0
train-005865,0.5059289498403848,0.08972011739533138,0.6857911346070655,0.577574572449693,0
train-000734,0.4811958670811474,0.15421633234874108,0.7342933175297515,0.6078238887680568,0
train-001503,0.43242301912262554,0.026939158059243098,0.8134913761270933,0.7569820064178706,0
train-005787,0.602498431487848,0.27544996687248835,0.5420689490939932,0.4896845332096483,0
train-005734,0.3132025030839431,0.06751902368324499,0.8432823605384295,0.7477341900844124,1
train-005374,0.37099925268270584,0.12241364754012572,0.88534104959754,0.9622327675203761,1
train-003698,0.5621436702144592,0.4274918827404862,0.8029661951649282,0.5285759896432866,1
train-000931,0.5639732543626316,0.1101763545824105,0.7242888066502631,0.8297730746937049,1
train-001255,0.3857373120912032,0.24239143417246592,0.31629565783679464,0.8171026176772282,1
train-004895,0.5331243719399715,0.16550911451256003,0.8488546381751718,0.7421693194519012,1
train-002684,0.4640243344151453,0.1937159365697601,0.8237638341394928,0.7212082918352222,1
train-005021,0.5334202897993046,0.1961128180631686,0.8524672576048314,0.4225058206175766,0
train-002702,0.4954955659498341,0.6668186876695077,0.754445894497966,0.6120397911606229,0
train-001289,0.6428619001746929,0.1719204470415475,0.9156918276397802,0.8932487575708856,0
train-003672,0.49041093542850545,0.1061716470000522,0.6814640063979355,0.45396837056673245,0
train-003250,0.7642155884753893,0.2050067415610703,0.7800741809498924,0.7412162073686627,0
train-001278,0.690312384566067,0.23658538979212368,0.6887907106980982,0.8704019696014014,0
train-004437,0.3253932539456303,0.3161023855702127,0.9556625354295849,0.7301779450901816,1
train-004217,0.40566625056720307,0.09052085039489931,0.8401987100682458,0.6055590060655333,1
train-003201,0.5316030481252605,0.36445371527750753,0.7594855589307097,0.430529721683364,0
train-000838,0.4524829858877281,0.060291172351106745,0.8003963900946675,0.6047463305499406,1
train-001026,0.3492755471523139,0.2233937091071837,0.9593478921048282,0.6885751576588073,1
train-005436,0.2893828629136969,0.07662102782176179,0.9148797323844664,0.8706979027462872,1
train-000267,0.5367128641386657,0.18721804024103816,0.5052754557498229,0.812380332915677,1
train-005179,0.31666232976993386,0.09302633502567823,0.6291153112867889,0.7991719634695627,0
train-001783,0.6332257018110126,0.0714837525676425,0.8348173670682344,0.5446615406619041,1
train-004295,0.21885469850839628,0.07278873387788756,0.7427634646514794,0.8213555954281581,1
train-002819,0.17801054819921622,0.24932379368052246,0.7292607789211241,0.4431147169563561,0
train-000520,0.5105086794549403,0.29172731348426756,0.8864134253437314,0.8972820664397374,1
train-003864,0.4857693935354505,0.10252976591814715,0.7188535390833501,0.6905159101013,1
train-003821,0.5174443775079806,0.21644523052900233,0.8991627004826103,0.7540108920777686,1
train-001235,0.4139712714424339,0.17578322731279625,0.8531327647093289,0.669491671402985,0
train-000462,0.5852394989947821,0.08478532859725876,0.8496173659227687,0.694287790616581,1
train-005282,0.4221869358233447,0.25060680335091795,0.8942327498760114,0.6403894764292186,1
train-003068,0.6511841049735295,0.12898809761402957,0.9230741841738007,0.5527894569983931,1
train-000831,0.3394393284516065,0.35391719054819887,0.8557437013653679,0.9150373096388027,1
train-000991,0.48930340620762497,0.27130885732719673,0.8426906532084608,0.8577130060997713,1
train-004023,0.3730828561005109,0.15161550604238044,0.8757583578407738,0.7296673130746807,1
train-005953,0.6879960650817474,0.16894362433886445,0.865633699475941,0.9101867558382624,0
train-004784,0.6407994261709157,0.2749633253429763,0.644586045604512,0.634026882941541,0
train-004972,0.279241787156995,0.055748651814045765,0.541725513376047,0.6469202100678949,0
train-004237,0.5727655853021925,0.18854431694812993,0.7420014587661461,0.6346787740858743,1
train-002685,0.5532896826145721,0.3996565890690329,0.8815223854041526,0.8160906292842754,1
train-001348,0.27710769796709095,0.09115758945467775,0.830640528224106,0.8724203912182817,1
train-002704,0.5599597579506549,0.3414098391016529,0.9401194666482918,0.5121523340697127,1
train-004324,0.42924708627955216,0.07791231250876182,0.7484393151909581,0.6211854480019663,1
train-000311,0.34424421322854615,0.12961761123307677,0.9365465103982558,0.7700061470459076,0
train-001973,0.3928511125703609,0.3951458386273507,0.8367018224403983,0.8196389507442365,1
train-005298,0.33548936965030496,0.24334929929740953,0.8559166018580209,0.7565897823050999,1
train-002722,0.6010468523823486,0.2643964477929761,0.9394579777381314,0.8356907811331086,1
train-003039,0.2918604906620073,0.19537226776408168,0.5092523613346942,0.8048213909420426,0
train-005963,0.38800001363099346,0.17435803126405483,0.7787382251774629,0.7639600815027641,1
train-002107,0.522502771954426,0.2024162523108872,0.8320689238510822,0.9286489145798952,1
train-000130,0.5127376564605998,0.21622380832495045,0.7122194780232359,0.6169609156362089,1
train-005988,0.3759141164091016,0.30918047696074086,0.7361488981251025,0.3300251583659072,1
train-002010,0.6902167602465963,0.37003956532329224,0.6815923451957787,0.7108095009267775,0
train-003970,0.6939946961783854,0.2903767980911039,0.798923030518262,0.8474917850406941,0
train-005915,0.7107373175859204,0.267919957703611,0.9038024158968427,0.9417193850334032,0
train-004673,0.6511522189451648,0.2455724016327529,0.8870381672939137,0.7617407518769432,1
train-005273,0.5643673754164096,0.24633080240763103,0.8937026649272677,0.8590124288278969,1
train-002815,0.2532888936901145,0.153466226495708,0.7912131755249716,0.8907018275036902,1
train-003444,0.7058515641652308,0.29711591251100455,0.8975373984419476,0.7784461947307152,1
train-001017,0.5288021714510087,0.29285851742469093,0.6756271625997307,0.3409198359815999,1
train-005664,0.5823786436683882,0.17536101712009977,0.636227483398124,0.7347465894569909,1
train-005604,0.5028862854220055,0.31612245443016707,0.8725374468393289,0.7101770605815889,1
train-005717,0.3439700713206854,0.2354354052067551,0.8077141629642988,0.5947741725879643,1
train-002958,0.5797816534693148,0.19884531467636984,0.8405867860541849,0.5309885609936409,0
train-005119,0.4767813730371409,0.16745478523998625,0.7954723162158505,0.42938676337469583,1
train-003759,0.4312644593044817,0.06916487271451677,0.819025027219656,0.5918236601042253,1
train-002203,0.5152705194189998,0.11692096377094374,0.969041853467474,0.8745829426403963,1
train-001997,0.7380043106279726,0.01659447181473955,0.8367600030833425,0.8673316800009181,1
train-000553,0.45016337534974055,0.22962459960962225,0.8712406345723023,0.5706986403142095,1
train-005671,0.48030255725144244,0.23876414981335692,0.8277085539103689,0.9306329106478407,0
train-005814,0.3698530785864133,0.2548544907645915,0.6887599068056394,0.5859181012393292,0
train-002715,0.24380989118874838,0.14478810339505913,0.9351525360121851,0.5641800328327763,1
train-005855,0.6823105153192993,0.261189092769487,0.8441451336979129,0.9063946899025849,1
train-004826,0.7172246139326722,0.11246353139250014,0.9157844178831299,0.6939155077752821,1
train-004548,0.4982321904678464,0.5573376510064255,0.9596905166458171,0.712736342737457,0
train-000447,0.6312486541114424,0.4510294971786196,0.8537983736821858,0.6140815984215409,0
train-001468,0.5662044234950901,0.10438469965618097,0.7582622811892935,0.6897388732013248,0
train-003987,0.5123788209365916,0.011206607315599538,0.7598284691650372,0.6931448699463741,1
train-005484,0.5808672177294499,0.10124337625724834,0.9594370512034096,0.772225290014861,1
train-004269,0.7129997514021185,0.20994123642589121,0.6862892391474588,0.46942781179099863,0
train-003211,0.676706893496741,0.28048967816681425,0.8434857349963433,0.8095965837543446,1
train-002174,0.4906295874411275,0.23330282952888381,0.6294134508419489,0.85211567617203,1
train-001049,0.6807787391090888,0.1622060041759702,0.8574656965984815,0.7802615119790667,1
train-005710,0.4063820585704398,0.16677032159710095,0.906174045978555,0.5412976973349604,1
train-005802,0.4087198840343689,0.3560886653041497,0.7609491466064404,0.8682063589572464,1
train-002356,0.4339922642380506,0.21084576323995302,0.9835969521757647,0.8579986071690799,1
train-000857,0.49756258061576863,0.245372818449618,0.787952400650098,0.7462604916831839,1
train-002346,0.43779548129690166,0.07483054383782435,0.8872272305386675,0.8053292141375523,1
train-005589,0.8631892726298542,0.06372229548399846,0.9291388632796248,0.5947619521438902,0
train-005491,0.39230096054734365,0.2982009957131691,0.7127196936047552,0.7950213847205985,1
train-000852,0.6292307526062977,0.26962751113408434,0.9306428569687385,0.9560983700813815,0
train-001386,0.3498091167794719,0.2754766064973485,0.7224131039017107,0.7053215093987676,0
train-001974,0.4124705420929109,0.06391008277522717,0.6943514915985682,0.9065064243339069,1
train-003194,0.6178528043448669,0.21262187130077803,0.8432326134838547,0.6883444749471728,1
train-005350,0.4243521713357245,0.10305092116903024,0.7092988361650089,0.6501535144970315,0
train-004627,0.3857067810384547,0.2936321748056116,0.7523160817919572,0.7804998810484254,0
train-003300,0.5701674326566402,0.02999043649861178,0.4993598013546156,0.836538340622308,1
train-003192,0.44456948696845044,0.09445877755548107,0.8497980584196734,0.8111473321530213,0
train-003591,0.4846929490395734,0.20312766002048696,0.817994737588933,0.7886305699688203,1
train-004351,0.5946061763466177,0.19588540379152797,0.9155780767603022,0.7039428081258978,1
train-001703,0.24491099004476027,0.036972300962077626,0.9376386430879888,0.5709688941608114,0
train-005435,0.26410949247177695,0.2381056514229752,0.6980360368092605,0.7543772436262768,0
train-001814,0.5218687737568666,0.10262131281794443,0.8923128211475447,0.9071078946445369,0
train-004563,0.4054428247221678,0.1682742603719855,0.835470177675016,0.8808350950879943,1
train-003314,0.5596157300327725,0.13729480115194495,0.8847562587669701,0.7242226252126202,1
train-002678,0.5263272314470383,0.22444400356770014,0.7723698703026534,0.8937275068714486,1
train-000097,0.43742329700083743,0.10288041158733512,0.9883922442098931,0.8381334323199257,1
train-000272,0.47924022790000964,0.15504142928733197,0.9754730550967138,0.7749001435427549,1
train-000598,0.45180356665533566,0.25067863453043493,0.6480257456138847,0.5005073315961908,1
train-000126,0.5261416109431352,0.21272042019739582,0.6823566542646492,0.8118486322095936,0
train-002781,0.9294004741897519,0.2862740695612599,0.8163374279673729,0.7752395503406182,0
train-001367,0.39365165056158713,0.007021047222267269,0.9567541808296066,0.7970072213761613,1
train-003059,0.6999301628413787,0.03499932474851599,0.8637493174377752,0.8313086409867405,1
train-001972,0.3674600355615091,0.074208026289962,0.8801082825596191,0.764243467887256,1
train-002267,0.5896660887826821,0.1336672143860549,0.6677559299424438,0.8780809673037487,1
train-004552,0.5329644844053643,0.5086282717346636,0.8451699728688208,0.8661323955720317,1
train-001013,0.5142258437407453,0.15538544076392355,0.7157641982059143,0.4430942331093373,0
train-003802,0.4946586298187414,0.3250925938440827,0.8676274694282665,0.5921163155864734,1
train-005365,0.5097252675370616,0.15475455076218525,0.9945308680726921,0.6379772112369261,1
train-002444,0.6905405199946514,0.11445038513169375,0.7543638258946009,0.587251389707335,1
train-000888,0.5381812729819284,0.3485997645478888,0.7798358164338679,0.5264962935164305,0
train-000189,0.7133324902573467,0.46058675758336587,0.8100893328038118,0.6663023135956658,1
train-000514,0.1513306481269722,0.2000039657411274,0.9576578580518696,0.700228330504905,1
train-003288,0.4219792849580669,0.042821358082058926,0.9773413830795366,0.37557211690450615,0
train-003125,0.2029274772446772,0.1574850955789134,0.794033991241351,0.620939438600501,0
train-003959,0.4126682780571734,0.18341633556154446,0.9618723997009011,0.6043580987556108,0
train-004188,0.30463302310021595,0.18289370878309058,0.8594386525336014,0.8200076533737617,0
train-001479,0.6240269530098576,0.11453038183904178,0.7247449922773793,0.6193637668590806,0
train-001109,0.7747853985395264,0.013356802821979787,0.711131172919581,0.48569015004691396,0
train-005242,0.5975280440851076,0.12236875387746912,0.9381865036228328,0.7517472712657941,0
train-003633,0.5035719823825556,0.3083886839498937,0.9129999806154181,0.7971082697539998,1
train-003559,0.13612846822661476,0.2574551810119341,0.9243341941971182,0.6129636936709492,1
train-001668,0.520527271356522,0.07902975944255011,0.9098827277460103,0.7572118229106055,1
train-001364,0.6568091575464956,0.13748869545141537,0.8385962019929407,0.5607180864618151,1
train-004670,0.4020130965209923,0.19945194665167554,0.8166445198068228,0.6941252314866136,1
train-004812,0.471332869254426,0.13244002084128526,0.685365696216968,0.9206845471294705,1
train-001058,0.508844082418089,0.2711135483005768,0.5389326302438986,0.6741447244862913,1
train-001871,0.6282065813218481,0.1645282129940828,0.5640557490997935,0.9059948480047579,1
train-005249,0.5507642689468714,0.2405720145215068,0.7121846044922445,0.6485948839242212,1
train-000939,0.6115438816265274,0.3277050298026527,0.8565257258781985,0.6987717484494066,1
train-001281,0.7180167120198224,0.46940613569418543,0.9806423163833824,0.7240394569690275,0
train-004443,0.7102557848764216,0.049270987961268456,0.9338785943664862,0.7526890311485657,1
train-000479,0.8830241394595407,0.18853213245328415,0.9609006485317438,0.8544284036709918,1
train-005548,0.38651940608110597,0.17742920620347313,0.9114784729648427,0.8701387647911135,0
train-000577,0.5594557880810449,0.12761557844495128,0.9581020827235969,0.9805824957951313,1
train-004625,0.36575547199452274,0.13154300361770982,0.7605166442902666,0.6880061133893938,1
train-005703,0.627969041810355,0.12102920487599514,0.8127521199329241,0.5277955631188719,1
train-001039,0.6944424668771894,0.014895719465951395,0.950303116930233,0.5475280425953519,1
train-000707,0.38565773170135736,0.0544910510545231,0.9078926184323133,0.8315989941442143,1
train-001345,0.455187354730795,0.14698792630989635,0.8306565307151782,0.5331936244508102,1
train-003224,0.7546456916020764,0.11264514446681487,0.9414293920123984,0.867288359600134,1
train-003135,0.5439045175912102,0.029392652410161736,0.9103943741638832,0.9504933044105632,1
train-004346,0.43335920113747634,0.1224959288401267,0.9085893171295322,0.956298386890017,1
train-005503,0.4402997684033781,0.2542288570699242,0.9302260276996358,0.7025216955667776,1
train-002034,0.6903506265053545,0.41752057790774194,0.9288421518216593,0.3554051378415318,1
train-004556,0.6190900323962243,0.18356009826748726,0.8208239229998953,0.9406789372043967,1
train-000982,0.37864382147144593,0.06611329184242334,0.8331411157330193,0.7760510039259897,1
train-003206,0.4542723083913721,0.16102923887040893,0.8950123771003654,0.6158961336657958,1
train-004709,0.6346199746446844,0.019941239960600602,0.8076479376401768,0.7711778897616225,1
train-005780,0.6725541318003763,0.10493378274796754,0.94393997984782,0.5738200099043645,0
train-004787,0.4346991825769592,0.19080316401365666,0.8437010448187502,0.7029563321408984,0
train-001024,0.6997061572575709,0.23828239632342244,0.7537570494848139,0.7936006648448297,0
train-004640,0.491706407408237,0.21911087717939254,0.8663537851834717,0.8171357205897052,1
train-004133,0.4487101798079491,0.04068357550807928,0.9407249123619643,0.9194333901183012,1
train-000846,0.681351034051626,0.2040981294747452,0.9866149016487621,0.7029439121835402,0
train-003618,0.3728015665097418,0.10067083966713945,0.9751622781919622,0.7968874052434192,1
train-000575,0.4978462218096474,0.2845947946022291,0.9605359631513019,0.5557496731834177,0
train-004379,0.4883861969287559,0.1928807437251902,0.7133506462189787,0.4628000567528149,0
train-005919,0.39581222813475514,0.35658381389895444,0.9381949861172998,0.8895114754272162,1
train-000500,0.5544991581991965,0.12598124706960465,0.5792490811344386,0.8868507877039559,0
train-000618,0.40868833475895827,0.25855642294956543,0.8136680102351515,0.7704292749050405,1
train-000006,0.5128953515047174,0.2871616193731871,0.9806127030414293,0.5590235237141958,1
train-000632,0.6902741281323755,0.1381034626376829,0.9537649765116656,0.6718488129220092,1
train-003941,0.6461397666806317,0.156773961707786,0.5810545761503391,0.8905868629692093,0
train-003459,0.5531293385763387,0.13757825326317275,0.7922255473780071,0.8402931187930303,0
train-002622,0.4269414629856637,0.3056840986412994,0.8821522432289333,0.8543521364173264,1
train-002689,0.19107015190483595,0.21392192402264498,0.6166473014169678,0.9548570462427217,0
train-005256,0.40433473985269536,0.0962180726341897,0.5961683038242983,0.4857593511255349,0
train-003842,0.1638970563921313,0.37627767217116137,0.8816032464103628,0.8024863390824697,1
train-004583,0.6089687654423804,0.21954866652600835,0.7608378954700741,0.6459377700716425,1
train-001102,0.5120940185182158,0.3561114503528758,0.9035793139925955,0.6481172113410333,0
train-000172,0.45467735141225873,0.15218289600578075,0.7601290965398956,0.8551496016350044,1
train-000702,0.367536492789017,0.2614697242180007,0.8346931686762539,0.747934929607975,1
train-002497,0.15513013874292192,0.359662636071781,0.8500976230735607,0.8132804229036541,1
train-005409,0.7330945691120516,0.1701934798637144,0.7230852306621897,0.6954618472715874,0
train-004019,0.5186637452920462,0.1760828851792053,0.8341694935584258,0.8309682797508625,1
train-002429,0.11696628531046581,0.23394102770358124,0.8282676270815426,0.5163565765108592,0
train-001898,0.3631772905651547,0.46702231416471957,0.9319722605058667,0.7798814867327318,1
train-005644,0.31082902554005637,0.244254478075853,0.9150354280013742,0.6130404440842322,1
train-001837,0.643831735967567,0.07492512454756656,0.5266969291893538,0.7142897766259116,1
train-005921,0.507103644292462,0.06321074855202817,0.9036519767471671,0.6166593645978291,1
train-002893,0.44844957435422617,0.29400945137033135,0.770615502621995,0.8343862993518391,1
train-002920,0.5380106511127026,0.41448531376001235,0.4476737811617878,0.8148897538922365,1
train-002466,0.3263075658964941,0.08222287820160705,0.8947568787512279,0.8544548033813666,1
train-003903,0.4218668181851253,0.38518230810657156,0.6885304608065492,0.5871203491203197,0
train-005684,0.5499802890715515,0.44253237286419217,0.7324844681396829,0.38978879899965346,0
train-001968,0.6543752275391232,0.12679897734019052,0.8420127846582198,0.6921571905708194,1
train-005145,0.3569331164571314,0.3090657187271286,0.8317065499782711,0.5950451210252139,1
train-003755,0.4912640376878637,0.37167965767145633,0.9492208082476427,0.6490278559611616,1
train-001900,0.6447891837867789,0.09770841221268704,0.8911778833378843,0.354910081260496,0
train-002480,0.6273696379215058,0.12243583356890538,0.9719204078599387,0.7620279443008471,1
train-005622,0.43222656841854895,0.19430337459524732,0.8817326551210843,0.9839102033590864,0
train-002807,0.36123559585548953,0.01563819785803462,0.8423894502021817,0.8317736704184064,1
train-001366,0.47971203091293024,0.033324357634453634,0.8799602855610524,0.7947658004932014,1
train-000047,0.7089626672183623,0.2277842151155768,0.9431606219980367,0.47684111029283266,0
train-005696,0.5292779411658611,0.2769875578900775,0.756101193174505,0.5979510380661361,0
train-001706,0.5413813673715443,0.19258866027849797,0.834824132210571,0.942858726979327,1
train-001875,0.6111220340439817,0.20777867565673122,0.6523055000463758,0.8414835474606565,0
train-004447,0.5548115919324621,0.14361931769526154,0.7544168124651033,0.5081753469999237,0
train-005939,0.3871964829282891,0.25936768085942286,0.907109935852569,0.648163960276655,0
train-000160,0.48839144384745775,0.14600154795434858,0.9174874154618488,0.7747328699586827,0
train-002440,0.4833051521191738,0.14797405060910857,0.7552121609874856,0.6580492055801727,1
train-000548,0.6944278909399213,0.0921135135803149,0.7133800736957112,0.8875598871640444,1
train-005210,0.5854694216557788,0.12052233222026414,0.8132096292618213,0.7690574858443169,0
train-004218,0.5429099484969309,0.33799871685113614,0.9360921042621804,0.8846126903761752,0
train-005896,0.5102227300445327,0.19562630708271606,0.9594100371824497,0.781715486483174,0
train-000040,0.6193953241036595,0.10892234210634376,0.9502820339115376,0.6906101512287228,1
train-001357,0.7706178328670918,0.26054502527186896,0.7789786436600404,0.8243032896887172,1
train-005815,0.8093200312864641,0.21832718952295377,0.8098004724267587,0.7191920136550105,0
train-003673,0.6038296606358983,0.043247348166655125,0.6748851679595437,0.8385021962112048,1
train-004797,0.6711198151520236,0.29010027732469484,0.8864720233996082,0.7608085690296434,0
train-001237,0.43884807979395707,0.18179593818463063,0.7185999145226902,0.7398625332121609,0
train-003689,0.24404641829894128,0.10677962598749689,0.773500356409489,0.8781584980056215,1
train-001184,0.4297497906408631,0.04668576228218378,0.6616866860145977,0.5775363452891009,1
train-005942,0.6313076494202648,0.47626715521749796,0.6916483213977461,0.7042108875291838,1
train-001644,0.24522418576233632,0.2729655510165643,0.6462971434570781,0.6278819300846852,0
train-005860,0.22263781682325526,0.09554141649897405,0.9986288769068559,0.8449514133896946,1
train-005125,0.5877948510452297,0.18419083563503647,0.8445908984920913,0.6676481544268017,1
train-002469,0.36620600086712757,0.07470605910467845,0.5367685957453038,0.5114554243569224,0
train-001502,0.5198157426563893,0.0657968491746602,0.9006966864534367,0.7993104980840592,0
train-000510,0.47351094337023913,0.19360036746276593,0.9406069350035106,0.8300021954815042,1
train-004884,0.7510223520111475,0.3450336000840273,0.9232720723644047,0.5573995113614861,0
train-000869,0.41261857274218644,0.31287504127642884,0.9713038683535907,0.8520226454043949,0
train-005510,0.509513895379287,0.20493735150193615,0.9175888147661085,0.860673755436752,1
train-004716,0.5052828184443559,0.14689276771916038,0.8913676629947394,0.8111588506623938,1
train-000393,0.32319757047731856,0.1453057114932345,0.6898759518367639,0.7882965031193899,1
train-002571,0.6041906355506541,0.28290359259574976,0.5442720301839742,0.8634195592177609,1
train-004171,0.4262924613148519,0.13467214538790562,0.8385657566377893,0.6701092491210908,0
train-003302,0.4595704311322616,0.4144822295918065,0.9664318639660568,0.7795583495393247,1
train-001624,0.662582684974544,0.10675476341460201,0.862476010392936,0.899122457090227,1
train-004547,0.393876128829613,0.3141787933378178,0.7560054456225949,0.8694866571287917,1
train-001744,0.5795781446493172,0.30257307300709163,0.9168556944395847,0.7647290914038138,0
train-005613,0.28647969762733116,0.12587584262265913,0.4092242675113185,0.7676764697111558,0
train-002794,0.5721848000255555,0.2027229727454975,0.9662277714023239,0.6812962484351945,0
train-003723,0.561032916582714,0.4100059824346344,0.9723497805465592,0.8328565829094462,0
train-005181,0.8336322707922798,0.1305458472432182,0.9028200480314315,0.8225567837339863,1
train-001338,0.4183331437189478,0.09395180283519576,0.9701781683670434,0.8285479858937563,1
train-003779,0.627066300849555,0.27909598954511006,0.8095174546452257,0.9289042036905466,1
train-005389,0.6494020907145704,0.21069725642077933,0.679700015869646,0.552822086775467,0
train-003107,0.45562441008321203,0.17525332167784866,0.7773316068835143,0.8361994766982283,0
train-004321,0.5053108939580809,0.12358091564867663,0.9530627691906945,0.8939376417397275,1
train-002980,0.3185282701323552,0.03404468021927775,0.687021570917201,0.8561471016401987,0
train-005830,0.7297022633355195,0.14611109867377456,0.893775152997674,0.7862520115286976,1
train-003934,0.3448122350998287,0.40917843392732045,0.9270209360896723,0.6293371467053883,0
train-005923,0.48879637372140083,0.1444264199734196,0.9422761121888243,0.5968943509594281,0
train-000554,0.39275255379356233,0.24074670866556935,0.9672864443512339,0.6387488301872662,0
train-001848,0.41346932407602843,0.29552374242855595,0.9141620514613931,0.6413995675980639,1
train-001819,0.5827623039122286,0.16622949596487108,0.9058907550775904,0.6966689197629647,1
train-004259,0.5937396086239564,0.06990529626314325,0.621878466351971,0.3008639180326508,0
train-000046,0.6889114476669109,0.22921322647677958,0.8123102051306432,0.7629537331945409,1
train-002152,0.6321940301864173,0.09904195755381123,0.6951122631287837,0.6710967641021266,0
train-000132,0.4935004198815531,0.16882611870864958,0.9748127542371747,0.7982680187248833,1
train-001643,0.3804438250847349,0.1560155773624205,0.9277682382712322,0.5935140360073918,1
train-004684,0.40968394016406634,0.3334673823998369,0.6722347964767926,0.47592828068197607,1
train-001543,0.47405512913538334,0.15951931676032352,0.7011411716011949,0.7547925350053944,1
train-004086,0.4497022392272556,0.12946807273942376,0.5643467837194869,0.690376472375246,0
train-004173,0.525942060400486,0.23158649187083133,0.6586180217813379,0.8856368509437562,1
train-005872,0.6565454841689581,0.27117842526392344,0.9456823612428206,0.7326922018337323,1
train-001947,0.5227626439568761,0.351306125162,0.9145070047343568,0.840323394042377,0
train-000154,0.40562733227082565,0.31265068382247274,0.6781399737781502,0.7504924719313749,0
train-005165,0.31798948653414827,0.20695806142976392,0.9570924404025859,0.6979189808221815,0
train-001739,0.32160653091285496,0.10955275415335865,0.6875877051700121,0.6550037943517348,1
train-000664,0.3475013830114499,0.17877238412242416,0.7828568727168211,0.7852797740349744,0
train-004193,0.4657935451837499,0.18452640758493982,0.7060278463302281,0.6539344793398413,0
train-001574,0.45594722711931107,0.24275386037884938,0.8650905226454462,0.8598097193876467,1
train-001788,0.6293440312632778,0.11817021363496048,0.8339554422172204,0.7032926153532125,1
train-002901,0.5018195235903757,0.044848703937066074,0.9248377102073827,0.7127252626779811,0
train-005993,0.40600168450060253,0.15280575294745677,0.8240532230529667,0.72962671323021,0
train-000133,0.6202068397869881,0.12938504297338335,0.8818090531309726,0.6520333453610309,0
train-003926,0.7109637182120281,0.1679251782162415,0.577859616199185,0.6989098781632215,1
train-003122,0.6273832842232445,0.19881114231317373,0.7470547013051492,0.6183587884867351,0
train-004951,0.623416520810212,0.3849060035880285,0.9500108228923442,0.661281798823672,1
train-005941,0.8070684084509753,0.37117929439142794,0.9322811058745382,0.6342029142102755,1
train-005498,0.5669637464121013,0.1987468858144295,0.7503973088920256,0.6261419342916427,1
train-003332,0.6740599845659154,0.20015559343267764,0.6207293620362911,0.8501899657135875,1
train-001704,0.3979519909015084,0.07836543834948612,0.8566430355258017,0.5589971323444557,1
train-004195,0.37149052199296156,0.28157145868763267,0.9824656636030569,0.7833471152983111,1
train-002326,0.6805075406159836,0.03881355853330949,0.8609102026449161,0.95993061605628,1
train-004853,0.6362752344298223,0.09192732394660065,0.8974033902028663,0.8229361077535365,1
train-001709,0.4126215748788798,0.07213461846847767,0.8047315992366605,0.7056558757645265,0
train-001396,0.581759552374413,0.15162820160811716,0.923362776052936,0.8474375468476893,1
train-004234,0.2752818337289677,0.09563816261411137,0.8666561124983636,0.4505534690640718,1
train-003973,0.6286579340483122,0.23315533176116593,0.9009414911360312,0.7651431358757329,0
train-003141,0.5607132795808484,0.1393446155137415,0.7997829650661743,0.9146667710002859,1
train-000708,0.4509945954708423,0.2511681293601152,0.5777560779660531,0.6759714045872968,1
train-005307,0.6086458413547873,0.37550724550147824,0.8199541781728753,0.5485016090824814,1
train-004223,0.41171339054960476,0.07957992942701565,0.8476761808014743,0.6998741984319657,0
train-001134,0.2174952876344878,0.035321262431768315,0.7725640696288142,0.5958768408901797,1
train-000877,0.6320412358823854,0.1617130820942494,0.6312414700890117,0.8974735763049987,0
train-004817,0.16775387819081958,0.06028023925830999,0.8676772933246311,0.7960329935382651,1
train-000747,0.6438483824795822,0.19688144685248563,0.7859733395476025,0.7147334984653942,1
train-005788,0.3391177192839132,0.25844330324915726,0.8653996390474765,0.7137663667085941,1
train-004392,0.4088415348610538,0.23878941808785603,0.8613816799677126,0.8729977170034708,1
train-005592,0.764291868669032,0.13771385724491614,0.6791364592681761,0.6964986715909138,0
train-004962,0.3332768614941569,0.46155284339390085,0.9291521937206272,0.5772508299342931,0
train-005272,0.6424459162203948,0.154848088358743,0.8754649477834384,0.9017390745184145,1
train-001723,0.1982805570071271,0.08876740092771034,0.9057318652142744,0.9117750433141958,1
train-003137,0.5752885187565728,0.23822049584073768,0.9162437816813054,0.38831509254362767,0
train-000278,0.4808575334142527,0.48542089083916345,0.9258622363723044,0.6876778972033724,0
train-004095,0.536457659932134,0.30854040823464496,0.7029101350679997,0.9107647349811713,1
train-005997,0.6238634955449449,0.2923090724734544,0.7898240080317848,0.7065695161780965,1
train-005138,0.3383268409374752,0.1481031882725424,0.7479978800300341,0.795707131550727,1
train-003445,0.6901894514052938,0.3379538131921745,0.7106123678438964,0.6784155654759134,0
train-003667,0.4616670533747678,0.3481499839434615,0.8899565588041485,0.9977327024738635,0
train-003308,0.4701654581362441,0.12232857179928651,0.8114087498407779,0.7984098883637052,1
train-000297,0.45404019918760263,0.1960296072008562,0.8777394079170391,0.5776858342739434,1
train-002148,0.5594958626731028,0.24637405055096157,0.799759911072516,0.596280038234003,1
train-002745,0.43863112474807675,0.3851321129401708,0.8108532808359284,0.801422727976286,0
train-003159,0.4564449721143615,0.12606068139845467,0.7825639764186284,0.5188759558369431,1
train-003154,0.6059877646231874,0.34533617542175604,0.7601920412194738,0.683521427505264,1
train-000207,0.5879148271674618,0.22776539572087598,0.9060738081575825,0.643890678435598,0
train-002433,0.16232556171453758,0.23358790723697725,0.6295664084214444,0.6505504629517339,0
train-001688,0.15719118107668198,0.13745682594447506,0.8767460754658807,0.74207861912326,0
train-002986,0.4851321735190136,0.3536129641215627,0.8315642070188574,0.702861205761714,1
train-004742,0.2663748168965563,0.30017664951495493,0.6468472748103037,0.7655011963226843,1
train-002114,0.4710585673466031,0.026242253663689045,0.8312320620617861,0.8454935203481205,1
train-001597,0.5463953114798417,0.2722884623919417,0.7918543710942232,0.674163671842721,1
train-000499,0.4565808428664184,0.15121386610793805,0.6685346152172282,0.925997833907791,1
train-004446,0.5251610780129179,0.0991363851070841,0.9343954907382764,0.8873657731234657,1
train-001334,0.37604528831720874,0.2649762163888669,0.7587362468547968,0.5953736749615325,0
train-004900,0.39887445699792135,0.1506353495685394,0.9083760797972018,0.6712941568833222,1
train-003217,0.6487530332788433,0.0751911433716234,0.8530559472869267,0.787475723232006,1
train-001457,0.1976645480145008,0.04687728506560735,0.6909970178435875,0.7721607509087297,1
train-001700,0.5093781750344097,0.047894244552455834,0.8182109016250526,0.789446764264835,1
train-003986,0.5215928462889204,0.5924738652997454,0.9245150689945553,0.2915887683279702,0
train-004052,0.6417202710661583,0.1830457625792376,0.9200553146956868,0.457850687428664,1
train-003066,0.6427361698445516,0.3898841850165916,0.8785643762459956,0.3755648193292306,0
train-002732,0.7783871941141138,0.18394903369229187,0.6512860696116965,0.7667577125897497,0
train-001249,0.48139924688007246,0.17469780054223802,0.8179652109780008,0.45686235631386707,1
train-004454,0.5783458423257924,0.38841467964604104,0.8077700845718544,0.600106397262452,0
train-000312,0.7590574181033152,0.06203000281309533,0.8101670203544555,0.876120781220747,1
train-004520,0.6307461654272646,0.2792890073547743,0.9148419614325995,0.7219737835571398,1
train-003717,0.5412313101935644,0.2719371720576066,0.6127013961938667,0.6570811404164539,0
train-003602,0.571017657724763,0.10747267502572946,0.6128885028493539,0.4815673701072709,0
train-000244,0.3726581867271982,0.06127649816585141,0.780100232641123,0.8321248821695161,1
train-004941,0.821593411269992,0.3564387459540599,0.4959690146388596,0.8515437356537391,0
train-003785,0.5897278151828859,0.3080361098776223,0.825946519099829,0.832777834807644,1
train-003483,0.49725163842582343,0.043218583331339606,0.7557519204707397,0.8144706698443934,1
train-004521,0.2618817807428691,0.27339550381718714,0.545840084639569,0.7378143816078477,0
train-000056,0.2802997424477983,0.1493155515395617,0.836210446693274,0.6021291727643611,1
train-004068,0.6521971183686913,0.24953417520811985,0.830447382204481,0.5399984915778769,0
train-005381,0.7118513640439815,0.08565017673350925,0.7249236053935081,0.9051607606550641,1
train-002234,0.5009121959714752,0.036179953039518375,0.5839014991777018,0.6097977386173953,0
train-002909,0.5718121216793846,0.30814286561905074,0.8884484523592596,0.2702327376630473,0
train-005236,0.6236808697112116,0.0930974003083256,0.8326143597317439,0.5322320382581118,1
train-000231,0.4563333122717961,0.021833939110745403,0.9209416023944167,0.5561155919143762,0
train-004635,0.45869506104129376,0.2802585284350568,0.928327925585364,0.93229599713663,1
train-005278,0.8377645806661413,0.2649040132947681,0.7031546756963265,0.7911665981900704,1
train-002375,0.3992789850196003,0.08792002467482996,0.825053797220462,0.9158906783039141,1
train-005458,0.7612809105229537,0.04735659414827924,0.9385676357222121,0.7732559882410557,0
train-004793,0.255460530351957,0.21510910532854158,0.7900433005838785,0.5414342867511175,1
train-001930,0.4461585706567017,0.20735513353609922,0.43606859438209866,0.8624773542173082,1
train-000187,0.21516914140166316,0.16315253663980508,0.8528681653053444,0.9426796312031493,1
train-004894,0.4863824993088654,0.2040732984278307,0.8682249963215337,0.5590358638062435,1
train-002362,0.49411404882787274,0.3568995244965597,0.7875043466996156,0.8011947815098787,0
train-001631,0.3072318227552285,0.2268128676197016,0.9072652115390806,0.8843037228947659,0
train-000024,0.5890274815142736,0.14224038177055554,0.8438386972761843,0.7307795020726343,1
train-000435,0.618954229434977,0.22984926935324487,0.561448575432749,0.7338415791614483,1
train-002214,0.6292456666164539,0.3245203384866697,0.7427285708327233,0.39801472110291974,0
train-002015,0.37536075782091677,0.24970923534890907,0.8871086989375173,0.7318189542774605,1
train-003715,0.361831603714146,0.020080652674059656,0.816792778542082,0.4904716446703596,1
train-003305,0.7089562416993793,0.40781711948798355,0.9726086731656209,0.8796749993497391,1
train-005960,0.6121819962035383,0.4692011747449702,0.7952904944850536,0.5887032960232023,0
train-002795,0.6074421803033108,0.07463322681676589,0.8558557680916709,0.40985054694781303,0
train-001718,0.4636665465032391,0.20976765698165264,0.7958200081121304,0.6098887149241098,1
train-005499,0.4377640433783776,0.13395089147240918,0.8628829185211171,0.7933570969255422,0
train-002713,0.5934839477797952,0.05775597005173588,0.8226455467988802,0.8844166234835239,1
train-000973,0.3881430262185115,0.09695571640196854,0.8260277489128823,0.8172366287712263,1
train-000942,0.45724698697658694,0.0707855755922683,0.9216371999964623,0.7473701450584809,1
train-002515,0.6640940514004074,0.29954333375814635,0.8376124148282252,0.4777932179502403,1
train-001935,0.513238961439315,0.14644172434113734,0.8271773238658351,0.7341304827884648,0
train-000672,0.40072849215651135,0.3052887740819897,0.8399206624128006,0.42116165597847394,0
train-001724,0.34365990786329187,0.21719319241062868,0.9425895029710777,0.6152247360693287,0
train-000034,0.6501689381400156,0.13247134772869162,0.8731745245184835,0.9394808481374696,1
train-000940,0.46056185857282167,0.12987780792398051,0.8416432242234911,0.598484396661302,1
train-004707,0.8509397797384453,0.27235017333699285,0.7719050151565732,0.6128476739930194,0
train-004137,0.3575245230017669,0.04061242211499872,0.8802203088546265,0.6902632297620739,0
train-005239,0.5020108619969078,0.1336316871147838,0.6045128988138803,0.916405727023277,1
train-005519,0.6067862492338155,0.21548834091835134,0.8095233599849071,0.8654381428584392,0
train-002494,0.5319924845926307,0.09692904791470205,0.8682578579505136,0.6526051585895447,1
train-005659,0.5109952390404241,0.7492559918758449,0.8526472639959657,0.7615618275295304,1
train-005115,0.41842021488208403,0.29685364259648744,0.618922335838348,0.7003156353748766,0
train-000688,0.3648868296761812,0.3204253322864316,0.7895925288553574,0.4924473390470335,0
train-000817,0.22793020220543023,0.07850809610742808,0.765710185724963,0.7453526953878592,0
train-001417,0.44924303011226213,0.11219491830794971,0.7219961181081992,0.8321439504825033,1
train-003214,0.1869661207491299,0.4502646879696854,0.6862168041180954,0.6574908297872629,1
train-005918,0.5536071875398223,0.0570110881657269,0.9419574127453727,0.9695304431008948,1
train-004391,0.4643370982781469,0.08108355339358339,0.7468402872581844,0.7584560396508151,1
train-004475,0.26074448879419215,0.18487133258938898,0.8622645222802541,0.9345893760114413,1
train-002028,0.2643230326807902,0.41978658652267586,0.9445485822983725,0.8757949897351051,0
train-002272,0.346862423738588,0.13760311757929894,0.8849525844824134,0.7862308145631673,0
train-001945,0.5753781928962598,0.09714123227884525,0.8546451696580777,0.7358845262429382,1
train-000778,0.6136112686158435,0.5671934986656593,0.7727812675352621,0.5848269229658265,0
train-001905,0.32131323525530736,0.27416393026308566,0.798633024065423,0.6854256340898629,1
train-004810,0.5880728463826609,0.18382484506765828,0.9007005365249962,0.3087304527393956,0
train-004459,0.3794179957027189,0.18347688187710007,0.8395494038028906,0.8116970092760031,1
train-000529,0.5439579823266385,0.08186024171871321,0.9704551913825484,0.9677373359829146,1
train-002621,0.3197918114285917,0.276796109989885,0.7942649731052428,0.7695872578611381,0
train-005073,0.3031025558157504,0.3568325189887746,0.9779608278485435,0.8410550560523375,1
train-005603,0.5358405273890655,0.1399550174192795,0.8982655959677581,0.7911278183747461,1
train-004526,0.7451860781162369,0.22381443631660747,0.7746372336013312,0.9790711306458288,1
train-001926,0.23200435065683425,0.21903449378565648,0.7957378581465755,0.7834547256330988,1
train-003617,0.4126567618906959,0.3412889184785139,0.7627755289248557,0.841813839456312,1
train-000676,0.5340912036387868,0.24678009029216713,0.6465439183834568,0.6140585206547807,0
train-004765,0.6169834059430663,0.39316167047352585,0.7542802057652525,0.8714825814605758,1
train-005561,0.39951257098742327,0.18569212361494364,0.7730532232728796,0.7969015773399011,0
train-002491,0.2997544457250398,0.2611384896795144,0.8719781423381293,0.7912118882592655,1
train-002358,0.6511433422244316,0.050701265504463175,0.7742223358367329,0.9880057437077544,1
train-005175,0.6692038200117548,0.37549142611459624,0.7533649230275694,0.8185806494962545,0
train-001725,0.5367438093237672,0.17300161963758334,0.8617926339331909,0.7265156933019598,0
train-002535,0.5514023691542569,0.05049322765809356,0.9640541520124823,0.9012472031183862,1
train-003336,0.29809107647074307,0.08038423018697151,0.7816017801013739,0.949498550768446,1
train-004909,0.6821907027126498,0.05924158652084652,0.6203819631281406,0.824522354748638,1
train-000600,0.4749825116307729,0.2147376946352358,0.6816765289982707,0.8029001166324915,1
train-000584,0.2135923940875553,0.021934200510507658,0.7577135069596923,0.4737844209071294,0
train-004302,0.6888154021823991,0.07338443526992369,0.7962470144331343,0.8481306520179712,1
train-000654,0.6332636287693891,0.20656512038436875,0.8869491550312344,0.39557159909755624,1
train-001838,0.5180784058927739,0.09413318365981634,0.9635857369491622,0.6404684492929357,1
train-003587,0.28094487648829064,0.38260629933865226,0.8035752575726528,0.45373589340343257,0
train-004768,0.29402790033394705,0.271679901575304,0.8880971537767354,0.6068387389183316,0
train-004533,0.2289714120657354,0.24548782326357463,0.8565271058670838,0.7013705369166187,1
train-002584,0.45515002314129593,0.1751730541749728,0.925400929738476,0.8835844673329569,1
train-003613,0.7780247568003709,0.519076835274794,0.5874312716317585,0.8722081917157177,0
train-001790,0.4821155645559141,0.1486808533364526,0.8329012441269075,0.6912591713814211,1
train-000645,0.6580278983634665,0.34074365870354356,0.8388098625223965,0.7308892967770885,0
train-003330,0.4742044529293163,0.2932718974180743,0.5961760819260926,0.7376095293603175,0
train-002645,0.437648894861846,0.17773158254888619,0.79710387148817,0.9486785760024088,0
train-003427,0.587395879069907,0.1397172442429916,0.622829830542866,0.8308518338553325,1
train-002780,0.6557156237533792,0.34427626078060447,0.8547639207848642,0.6443150483866074,0
train-001694,0.3503567095784215,0.17031835340969567,0.659595722547206,0.7633979987952847,1
train-000726,0.7477574397534658,0.21463744788356948,0.9368861609871241,0.21306218060685814,0
train-004888,0.43351217272681986,0.03042981443382562,0.8063608500673707,0.40479966715308513,1
train-005295,0.3860336138536175,0.48468270695153315,0.8683836323087277,0.6951497620971647,1
train-005745,0.3012227717236943,0.2540317092370773,0.6883087052586586,0.549381075490766,0
train-004613,0.37366300772243816,0.20632821761451253,0.8399058768168076,0.8003251278356961,1
train-005162,0.5135257121784179,0.25215608556550806,0.8810858462955784,0.8172712798965444,1
train-000587,0.33001327941744446,0.23871084888919156,0.7199211350794362,0.7343948323941577,0
train-004660,0.4911099703975806,0.15632768053665863,0.626160954697756,0.550286082892039,0
train-001104,0.5775980153970199,0.020371537009042227,0.7613148197861584,0.5488246802899889,0
train-003064,0.30006882666388957,0.33021697237974407,0.7060523838332765,0.6664998780898331,0
train-003932,0.72844790893318,0.2142837421492523,0.8896469178050774,0.7367601672286878,0
train-002270,0.7477189774814383,0.270013302621757,0.9035395308841624,0.8651212860307055,1
train-002223,0.11698260678997416,0.3530988233894227,0.7953778172928253,0.8466454831656576,0
train-000044,0.352928537352201,0.12995671940279857,0.9148990800052951,0.9739011900774931,1
train-003584,0.37276927238271473,0.5168876106531041,0.8891910851242676,0.8318709916876963,1
train-004142,0.5816755506184322,0.3721045029335057,0.9229657592961089,0.8348634002458076,0
train-005572,0.5100950733351649,0.09863467433381672,0.49849947449534504,0.8991210199216937,1
train-001985,0.7429466489927232,0.2620619802674498,0.8117716146630637,0.6401989842172063,1
train-001408,0.6024291098099961,0.339768145170272,0.7617723186068206,0.7503591954201666,0
train-004257,0.5285176282705002,0.21341489964045335,0.7860793605043065,0.7355400920290317,1
train-004254,0.4682540868930601,0.20403779696592964,0.9669635362560034,0.9474195833183591,1
train-005756,0.1829463157383184,0.0311135595697819,0.880169388527932,0.9500263571259746,1
train-004508,0.5472247257732186,0.4768513639709604,0.8566111389548939,0.5068902591150589,1
train-004301,0.3715856890558783,0.347149331222111,0.9153194220137338,0.8357991342907309,1
train-004605,0.29521688704284377,0.15210045468833833,0.8352352768845254,0.834251359339389,1
train-004048,0.7152881882014992,0.3860604965260616,0.9526415546524026,0.5386289508696589,0
train-005449,0.5762683052028,0.16569483617288208,0.9082542643903047,0.8277091253096326,1
train-000089,0.5033668689567498,0.13983944385029246,0.7481227237332466,0.5957234428179474,0
train-000822,0.44671280593041746,0.17090498171993124,0.7827511744552103,0.7303229366831093,0
train-004132,0.6626690615197335,0.11896619640484696,0.9513166938916857,0.6961646025714366,1
train-005825,0.6014248320259513,0.30064978827253336,0.9203090740096165,0.7062288516720713,1
train-005763,0.3124086328644101,0.3544530558482984,0.7382380991613104,0.8107223518228196,1
train-003514,0.7102375986903852,0.25140441643874945,0.9720998813610403,0.7814696072294711,1
train-001482,0.4393960535397515,0.2797502438293589,0.7608908112288568,0.5287994582596839,0
train-003725,0.32596372129957507,0.22091004293534675,0.6286799537212395,0.6034680134280552,0
train-002434,0.5667416493197178,0.08158671670289859,0.9476218895983759,0.28542607075917714,0
train-001136,0.333316998645264,0.4066511410042179,0.6848885217684818,0.4502409067861486,1
train-003143,0.6035799097735638,0.04533008515256994,0.9139708976120647,0.9053215527762926,0
train-000167,0.8056843056238288,0.2664297132336249,0.8665521300358507,0.7048601726448319,1
train-005573,0.42868973046620523,0.29913355417555676,0.9578112115592302,0.9193657840000099,1
train-001163,0.703694692313727,0.30600751893995837,0.9038012219202625,0.8810600588850638,1
train-001894,0.5242316416715397,0.35530623147426016,0.8153863838931029,0.8773958796902394,0
train-004463,0.5513182833066623,0.14670999188782322,0.8109268820883332,0.6475818875836208,1
train-005658,0.2822764435356621,0.3967797410083944,0.8287039236006201,0.4968269625518014,1
train-003273,0.4926139393419364,0.11664558939719032,0.9445466447806314,0.8531244786462838,1
train-004737,0.39045801840210276,0.2515039563701748,0.9199905172510771,0.732946510640023,1
train-002202,0.38714544590237665,0.26695570247828493,0.9379531204057985,0.6786097798150336,0
train-001610,0.6182018252088397,0.3425198804165685,0.9828713527007233,0.6070067173820368,1
train-004893,0.5046454182274542,0.09952211393869845,0.6687205160464281,0.7717070069045902,1
train-002954,0.6257821341306509,0.22534897840054,0.6160484164462265,0.7744124852788661,0
train-002296,0.7233982103389907,0.1675881125227185,0.7716527273831606,0.5773027361431261,1
train-000170,0.6666473085528115,0.11151631840330802,0.6144099795080598,0.8119253365530446,1
train-005041,0.4865195516081085,0.2015621473820306,0.8557306715197396,0.6712628120886402,0
train-000317,0.4312556166073218,0.08623029572979157,0.8928446253997246,0.9650070599592776,1
train-001612,0.5854010741039161,0.2209440995143271,0.7510420225835976,0.7116242134231632,1
train-000336,0.6146052981379442,0.25833693402578567,0.7425096122607475,0.8691956638151016,0
train-003943,0.3968782036145681,0.134750382383459,0.8969116154663572,0.6386940731440491,1
train-001191,0.618371215670651,0.31408715524159947,0.548051716561714,0.8258678636387533,0
train-000372,0.6108632067482647,0.27462820790005193,0.9425613043859089,0.9410009342624867,1
train-004715,0.3209389806904055,0.25058973238506693,0.8192457808504866,0.40083660212571426,0
train-001993,0.4549587198966203,0.15540121872963603,0.8412126996989111,0.8644225953611192,0
train-004061,0.4281025211066405,0.2554046524060959,0.7718958982195475,0.7170465220051214,1
train-002000,0.32230208540237576,0.14168170415394238,0.8373375838595152,0.6599852760835014,1
train-004022,0.6829992251901104,0.20450819570202486,0.8990726540686168,0.8781857946353773,1
train-005803,0.4833520299040066,0.49465253097629397,0.8575085619467073,0.4990651719920773,0
train-005346,0.5875135688911782,0.11382834267392228,0.7586941672561915,0.9127773539807462,0
train-001097,0.2771703216962046,0.29898735332692494,0.7163026291520019,0.6530086745660336,0
train-004013,0.5736747462108099,0.20466824227564495,0.7854287894416793,0.7545062376908804,1
train-005633,0.6420593673299609,0.12388702725787219,0.8060217905897509,0.5542147280209623,1
train-001464,0.7505533536475282,0.12100873594926476,0.754315581154991,0.6395359761575797,1
train-001551,0.2990919234731129,0.09244868025541884,0.6866413361388226,0.5972863192625476,1
train-002978,0.33489231053614127,0.4056803935280644,0.8482187040157869,0.6594503163282881,1
train-000135,0.36140809521757994,0.14744994479880294,0.8643829041867291,0.5426096684516915,1
train-002866,0.20750108363119651,0.2517180572307705,0.7989393183340548,0.4752440499397504,1
train-001455,0.6447072088120651,0.11006405362377195,0.8903200377322208,0.7913062464702596,1
train-004461,0.3898155511148437,0.15120920714996686,0.7764783586063142,0.8960911492133666,1
train-002953,0.42548421337255604,0.4392980350626297,0.8351227883675274,0.8794114178813075,0
train-003607,0.5723868611711839,0.03623016230266288,0.9644086114741436,0.8778540094086339,1
train-004071,0.5773703501636961,0.12901950737836182,0.8935395241473606,0.760582022969856,1
train-001914,0.6687594955396658,0.33284793754484954,0.9579579958407031,0.8627257288569677,0
train-004553,0.3560270483046635,0.175672680723654,0.879279785466292,0.5056749873489429,0
train-002572,0.7900493319126376,0.441724638860506,0.9698646627447465,0.6387318629547323,0
train-001350,0.6088888141756671,0.2934011333646813,0.6412862391064517,0.366001107152315,0
train-000357,0.5278416608428572,0.07247572848325641,0.6081124319403388,0.4508156862502641,1
train-003246,0.5095941066202521,0.20916152656388884,0.7808432668139264,0.41581483147557974,0
train-002687,0.6545680880596386,0.15567535190613113,0.7888855984998334,0.2662160221330172,0
train-000997,0.45393243150018675,0.25085416899934776,0.8219796419916315,0.7071646939752997,1
train-002353,0.4572050538848044,0.2614512586338139,0.8490147461896052,0.7622363082289659,1
train-005917,0.4245755104721063,0.08496987339332604,0.94744382362037,0.4663502968672666,0
train-004851,0.17447403111365628,0.08564224982045854,0.860922759747322,0.6611564985383707,0
train-001591,0.45882721090538525,0.3028015480960819,0.9279413648201703,0.437117036824159,1
train-003553,0.6192140800033287,0.2171120940892117,0.8249322953944472,0.4071563368882543,0
train-005849,0.4909693872687074,0.1440569153447563,0.746536222839334,0.6613910453733998,0
train-001818,0.6175140560948188,0.2580550490884687,0.8714901525208747,0.6838863265516228,0
train-002559,0.6989150449453506,0.09840242846782069,0.8866128076970023,0.7160712518384089,1
train-004878,0.4690388951022265,0.2046121966618079,0.9500440409653055,0.7381022957792736,1
train-001540,0.6478052696602327,0.18220159766948546,0.7571852561772874,0.811890755763199,0
train-003957,0.6430494645117746,0.39557070554624374,0.8538448639121919,0.8819511189061282,0
train-003357,0.309531501849263,0.28428969778996166,0.8359519275239808,0.7218200776122907,1
train-001628,0.5599639617550825,0.29575848889312406,0.6805213865141924,0.4859288241475976,0
train-000758,0.3037813800628011,0.1910898461540222,0.7314264693752301,0.8573389758466057,1
train-001707,0.5488025621715842,0.0494500608339487,0.8414662061533924,0.7789574072897637,1
train-004792,0.6953774288192887,0.11516286115115182,0.8593986462537767,0.7940039646611189,1
train-002200,0.3216541657271821,0.3232112975994856,0.8365641087777234,0.7933871243956137,0
train-005817,0.31502551482740093,0.1492547103500124,0.9067289298652678,0.5827411214667679,0
train-002077,0.40673670103516957,0.07392562089835686,0.8673394998033199,0.7958034319902323,1
train-005141,0.7059046783508764,0.27170298364370216,0.7908822214076078,0.5567117383954628,0
train-002083,0.3849763699009478,0.04005021148974199,0.7813996297551911,0.9248611720248693,1
train-004180,0.4386865955489785,0.26230825073650144,0.7798478915833937,0.7757971694608413,1
train-002112,0.4052717404339342,0.12336205720699901,0.7472761029771792,0.8685050075607765,1
train-003061,0.2646110461403419,0.0775653922695369,0.7506414083611826,0.40038348002798896,0
train-003868,0.5000483150894214,0.03493960618610791,0.9698675492185215,0.8214629808620374,1
train-000050,0.7654083166685416,0.13395082640829653,0.732846609180364,0.5851308901212211,1
train-002493,0.3341204188256563,0.3203279621556381,0.8358746810737134,0.6557253673198701,1
train-001753,0.36652535941813214,0.25425533353191854,0.9620566863403893,0.9451619849081836,1
train-003205,0.5277006599085442,0.3289538791999102,0.8785369011915317,0.6640603362097731,0
train-004960,0.36740639011620424,0.010132169188966813,0.8749998883505351,0.5986875613346722,1
train-001262,0.47891227738171305,0.12242507572608789,0.7281809877731444,0.4725861708400005,1
train-000811,0.7133747866368152,0.07588295080131618,0.7459422925849851,0.5934894820220599,1
train-001960,0.25158240554207817,0.10675825504411932,0.9033713703811445,0.5375609003949797,1
train-002875,0.5381767761066468,0.10568091732483034,0.8175550808642632,0.43916419898950304,1
train-002818,0.42361872180335286,0.3760148129293213,0.7864871270590396,0.9093330163214042,1
train-002948,0.3381287865745182,0.1335242555586762,0.8669340402150391,0.7234167258242354,1
train-003173,0.554011299840968,0.24498789522747705,0.7601438170446445,0.606338360591076,1
train-005744,0.576529100455957,0.06727552151030916,0.813280720450285,0.4708413824878233,0
train-000505,0.5975399715931566,0.174529606280275,0.8928071087115607,0.5725812072713775,1
train-002397,0.3414798907969444,0.20624373413338848,0.9102363285985546,0.8224543101736016,0
train-003062,0.3453486279874506,0.5061826833834902,0.7528635443929209,0.7985003335875949,0
train-003147,0.682197653942519,0.12477263012948445,0.8606345899642539,0.5868438632853009,0
train-003781,0.5759693869226337,0.034714235981058925,0.7086590089517375,0.45457523212111217,0
train-005898,0.38937826482196847,0.12351772304380734,0.9229530873807648,0.7219397245151269,1
train-002153,0.6334278085287309,0.07348304068886329,0.6382101994346978,0.9405471236358892,1
train-001101,0.27853224633828205,0.049399707299370536,0.6315319086575876,0.7565150679172793,0
train-005372,0.4343657800343074,0.146458132118374,0.8222019911965653,0.9637912305600801,1
train-001225,0.4560074387256686,0.14122436518722029,0.8242018155491367,0.9131400986879478,1
train-003254,0.30636894325730135,0.46971480094820317,0.7035039367978466,0.8376135152102593,0
train-003690,0.2760812728417488,0.1237450384087128,0.7566865290475947,0.7696184942911177,0
train-003321,0.8013546407902712,0.1731693638734811,0.528607927383472,0.9126858997909639,0
train-002849,0.5348588850398655,0.03761159136903051,0.9174477755617936,0.7917554691851474,1
train-005264,0.6757978929761865,0.10693758612069701,0.9275412373534756,0.8097200813664561,1
train-002224,0.6131536065059132,0.20858925989106664,0.7345827534455133,0.6994169166971793,0
train-001959,0.29929844047635173,0.1548991822005902,0.9539210942787253,0.7355930554250197,1
train-000195,0.6441870402604243,0.26888053064710793,0.8483664325597757,0.8000935659942162,1
train-003942,0.3331410785711525,0.16442642193553672,0.7784193788738653,0.8319251744061616,1
train-005690,0.731088094587527,0.42282143731464855,0.9740097383323414,0.32763643221073596,0
train-003849,0.6172908077612826,0.21857451936007266,0.8334619090895011,0.6424351184312123,1
train-005089,0.5470812905995376,0.2149830019039325,0.889316896504879,0.9605482327595667,1
train-000502,0.40977103010188326,0.25552843256003105,0.6221683010932239,0.5237142808147338,0
train-002641,0.49045678328311143,0.23954376672750827,0.9284069858315229,0.764270334707889,1
train-001125,0.6027180391177915,0.03150767406960329,0.7936962213834657,0.7963817545852568,1
train-000854,0.4025453027545638,0.0819365517877534,0.8110428526604191,0.4459248445455617,1
train-004945,0.331317091758138,0.3027564662618893,0.9285761037650007,0.7671982281350969,1
train-002717,0.26968617680589463,0.021622009141009566,0.8010841423176999,0.4958864646330632,1
train-005306,0.3743303115390953,0.12137955782286707,0.876484025347674,0.7763540773285112,1
train-000530,0.48273931498874334,0.23871188036545532,0.7375947959974368,0.7463940115360711,0
train-003561,0.5671446007374036,0.10005293649535375,0.8276722437077076,0.9280702158557318,1
train-005443,0.5401305436707358,0.036020795679276955,0.8049452969063517,0.7487252517103998,0
train-003852,0.7001158429653875,0.22974675971698588,0.9179404552849139,0.5947256594972959,0
train-005516,0.5919166489926921,0.16118532953405632,0.8747107257821067,0.8963012188952271,1
train-003462,0.5031432612458495,0.24526619606888048,0.8612548073668718,0.6804566682838994,0
train-001919,0.4342259737844291,0.09397185566136869,0.8046537207040739,0.4903528359658589,0
train-002649,0.3075185777504373,0.3114664611471516,0.6810442712404607,0.8947643013215154,0
train-003158,0.5843226085062387,0.1475317123573899,0.8444312047803599,0.9327240386424009,1
train-002701,0.3215562372737898,0.09245887907823651,0.8474314491194339,0.7633052292111213,1
train-003866,0.6351491850654594,0.46333639067742305,0.8924162606665844,0.54679836622446,0
train-003348,0.33614591161486024,0.23180581768488084,0.9532830615635787,0.5173113116564153,0
train-004555,0.6171049910266159,0.42310060351135736,0.8389857134491877,0.792649339148469,0
train-002009,0.5650790759438461,0.06560752045099984,0.8873482731475648,0.6378742149730887,1
train-000680,0.4892709437611238,0.1816189607351149,0.7148447838769315,0.5576606609210497,0
train-004389,0.4648123985247292,0.09653462579508731,0.8892180375776475,0.5784993298291686,0
train-002054,0.4507817335248026,0.055445361213744056,0.8529410002540321,0.3952209138074411,0
train-001877,0.5978608098466719,0.07677013447486086,0.6880936722373805,0.6815716989363193,1
train-003892,0.3396393707047323,0.14896861513949114,0.6517254300252351,0.40416818682896166,0
train-005544,0.48965828459097327,0.22089730719371597,0.7606115255923266,0.8180153147784731,1
train-005920,0.4115415889134935,0.524178899932152,0.6300455463788647,0.6564115147857725,0
train-002659,0.18248208455435008,0.23493688667499038,0.8927095635449619,0.6429151755096749,1
train-003828,0.5726041992583885,0.3365497533514026,0.9569357170590949,0.5817596812218813,0
train-003036,0.357760082100897,0.16332887078176256,0.6633654693369907,0.6167043041970484,0
train-005218,0.4896584751933644,0.3806355579358156,0.8795480013906539,0.43480937355493854,0
train-004011,0.5356739752413433,0.24421511329082704,0.7538339458443247,0.5059856105911957,0
train-005864,0.36420235469357176,0.10053540280255958,0.98489334490191,0.4718222123533886,1
train-005714,0.3269597303705935,0.13895692949872435,0.7924895486722899,0.6269916680930454,1
train-005212,0.8688713819021924,0.16121114250148524,0.8559681997981646,0.7365966824175735,1
train-004149,0.6432608251894009,0.04264588717370742,0.8702830450108306,0.9592522249526088,1
train-003713,0.4573186060667418,0.2752713688634858,0.7869594728096186,0.684799181025408,1
train-001316,0.43434452673726087,0.28506122396617106,0.8311969338776145,0.7625407063609794,0
train-004372,0.4249170480705687,0.181939354621532,0.5312411309841047,0.5895462500641734,0
train-000579,0.588508381828468,0.05210074324571185,0.7861054838954182,0.48484177821880514,1
train-001957,0.34856366829045765,0.13105113918327677,0.888358971443547,0.9089822035741103,1
train-005517,0.343288635022873,0.05800538407490688,0.9006168881782081,0.6536279326428768,1
train-000461,0.38841181154285226,0.2620556750487327,0.9442443646696433,0.8865774343956132,1
train-001931,0.6486250963986477,0.1225563794703716,0.9007642405092635,0.529850017004389,1
train-004063,0.6241624210239459,0.454025561975976,0.8964633276169538,0.5893507736137067,0
train-001916,0.3184560389135174,0.3100562493918196,0.9718584135925178,0.9026556854873928,1
train-002005,0.5246999426100495,0.2114588276374671,0.8482298869170917,0.830289485789761,1
train-001091,0.5687238256400268,0.3653076862637647,0.84811640876985,0.4407499119554252,1
train-000805,0.4244788375711926,0.03640456848701627,0.8773567283717355,0.5828596571498466,0
train-005675,0.46153908958100515,0.273929128943499,0.6526794850369677,0.9120534200428053,1
train-005077,0.4716331635983117,0.26798670043295675,0.909575781650742,0.7770182012008228,1
train-000305,0.5286072112788414,0.19042271232050717,0.8365198624544458,0.7174711165019225,1
train-005512,0.552050451510652,0.17849822807230734,0.9152913599924632,0.7383005691605756,0
train-003935,0.5967108978750743,0.10484917951730854,0.8840181955996603,0.9235438364498918,1
train-000741,0.6765513690663925,0.4795803686047097,0.8923627872833406,0.6235829957433355,0
train-000956,0.49282545136264544,0.08515797648341963,0.9083357858676,0.819697837207006,1
train-000100,0.6105455991658871,0.24758142315161993,0.8237631671015236,0.8680697128410065,1
train-000661,0.4395623326721466,0.2984454358667983,0.9768418152292017,0.7834984593390253,1
train-005171,0.6033695884269086,0.24768366279575013,0.6766967291761958,0.5075037722331994,0
train-004363,0.7341476252813678,0.4086391756635334,0.833392138289917,0.5413507799124899,0
train-003805,0.474342779206731,0.06738887311067439,0.902401061878771,0.9220672086715458,1
train-003139,0.3507632137985803,0.23204192935330462,0.9064279887801031,0.6789604676461548,0
train-002136,0.5503780340620197,0.09760609845572132,0.8432560120432563,0.6991927803121455,1
train-005686,0.12051670890609234,0.12825315937068993,0.8738392943873422,0.5986690808335604,0
train-003043,0.560188859900419,0.23089752205946562,0.9431269476879756,0.46893505979912076,1
train-002080,0.5888757266536531,0.22891579662855097,0.9077780996743817,0.8950385240051054,0
train-000365,0.6025235116201186,0.10361856630853107,0.6339845985939271,0.9127335552009698,1
train-002240,0.42222114556272794,0.19171690964251414,0.9509298220615149,0.9007230759250637,1
train-001303,0.5172673700305376,0.18806697021996607,0.8313444776286398,0.585202129341485,1
train-001969,0.26759495978428954,0.25798529584767327,0.9064877667092353,0.942746744040349,1
train-003231,0.46881894581570666,0.2565484098747674,0.8115442678229378,0.821132200700246,1
train-004434,0.29404056090659475,0.25572149737821603,0.7653772637377367,0.6397717526474364,1
train-004312,0.5779646260608029,0.2691612870349173,0.9459844963080517,0.8151418307013244,0
train-001469,0.3527825161545531,0.27103622417729817,0.7768419060560752,0.30395269491359417,0
train-004844,0.5897413952203349,0.2222080484920086,0.9786154890968403,0.5344138572971949,0
train-001768,0.4462401388045672,0.08507936606799982,0.9662228759432516,0.6391409911239265,1
train-001308,0.37828664285737945,0.31975487772695677,0.920952337383258,0.7078201339847081,1
train-004667,0.8018399309271796,0.21705262519384594,0.8186068598801581,0.7429521731852383,1
train-002404,0.41488355781576397,0.1087482783781381,0.9445934859640103,0.862273498955277,1
train-001420,0.5118841663344801,0.25116070153955194,0.6751026416560768,0.8134619209517395,1
train-005222,0.5957415380740241,0.21768877169346298,0.9382045824348026,0.5107421901667195,1
train-001063,0.48724053833491465,0.45455488713431175,0.8360583946092148,0.5923500945133958,0
train-004274,0.5397916981794041,0.29357681847500644,0.8045146025544256,0.8365494304332218,0
train-002055,0.5612115705038406,0.4038824545875294,0.8425670821345282,0.6470409397756609,0
train-002338,0.42968190053584127,0.21106199997185524,0.647173655825151,0.7642096465748918,0
train-003268,0.4913585611927647,0.29598709152027086,0.9436024541907765,0.7655890208556163,1
train-001169,0.6552438276758901,0.11680254662096316,0.7491533252683689,0.6242346821293581,0
train-004410,0.34744361772980953,0.055063258124106985,0.7858236860656372,0.6203813406336048,1
train-002449,0.3979315525635708,0.35186085049132293,0.6926159463410781,0.8506750193015686,0
train-000998,0.5788617148824764,0.12244879417698844,0.8739344088449833,0.6555758156864914,1
train-001936,0.46458508815519495,0.2175260591299575,0.8214775389927059,0.7530024900599921,1
train-002043,0.4971891237334607,0.46665747995290996,0.7349826822563975,0.6414794990820865,0
train-002596,0.3996300100258351,0.14458280270210944,0.7461192057641731,0.8286187936029649,1
train-000066,0.47374647267519804,0.2495465151284079,0.8602422338688305,0.8586778338477576,1
train-000468,0.5477552074049,0.2467958078750002,0.946694080750672,0.8564018555293703,1
train-001209,0.4240085791441039,0.3287541756056505,0.8752968356223089,0.5788142239995462,0
train-002706,0.7493738710705671,0.3724806195801187,0.9645946503884512,0.6932505510641934,1
train-004806,0.6182518377541936,0.05437629050930907,0.8853987710284941,0.9191001511738998,1
train-004609,0.4992618498142861,0.24063476855294222,0.920120260933932,0.4191619546372916,0
train-001686,0.6039226779396312,0.378570966595463,0.6026516480093396,0.7226440772633236,1
train-002237,0.5409912036999026,0.16655300419582902,0.832050294195346,0.6263605876914776,1
train-005720,0.4379902081663167,0.3023526765650939,0.6579483392826528,0.7484026980703609,1
train-005685,0.5076566826913538,0.1035020892489849,0.7522351331771817,0.9069718658265283,0
train-004919,0.8122078545931903,0.13111062985284638,0.7836465137929278,0.7149132877594132,1
train-001967,0.7010960062070319,0.08349609380267793,0.9177018417144193,0.8937555371574112,1
train-005015,0.4488411226032528,0.11373898663450935,0.9079979075354108,0.7842073408587742,1
train-002508,0.6096360176281661,0.36213172960764056,0.825757634433767,0.6869972547045459,0
train-000912,0.22640011448567143,0.10142942368882239,0.80926080678693,0.9575620347297292,1
train-001331,0.6013165153763037,0.17550771482161714,0.7437913880466859,0.9850110878194667,1
train-001343,0.5232469660999743,0.12730643188771815,0.8851109430935336,0.8673524091671485,1
train-003329,0.6926787582746738,0.0666015766677753,0.8113092255833241,0.5767598235468978,0
train-003572,0.7295188342823126,0.17996641109905367,0.9009750027136092,0.6242999051820324,0
train-000401,0.773161332550926,0.44089875002690526,0.8561260609609376,0.8297869221020018,0
train-000221,0.2630949123144731,0.04433772503206316,0.7799171293419404,0.752276706695964,1
train-001378,0.5714502086326627,0.2404347930256485,0.8248392923880711,0.8413288424531532,1
train-003885,0.7825891840206993,0.18987639415513177,0.7950360172069956,0.5288084448823205,1
train-000902,0.777833202103176,0.19084267496552224,0.8527208366532952,0.6205568677321897,1
train-004702,0.2812937923889226,0.5268516908262422,0.9088596500595306,0.9031453746486826,1
train-003793,0.305562188404792,0.4410650648793846,0.9426988543774927,0.9761576311220225,1
train-000850,0.3425992799394233,0.0855688754217906,0.7563239825969341,0.3910976987866377,1
train-005932,0.524231958723906,0.4087235856438475,0.8343259233556418,0.7446247764141136,0
train-003090,0.7144466412271828,0.17582012761455093,0.9261092776921414,0.7987323511686597,0
train-003089,0.6004316624624687,0.32974288649319955,0.7101640625434642,0.8360640770824233,0
train-001940,0.13937551352873084,0.14234162126507185,0.9688981039294917,0.669868820602622,1
train-004724,0.32986397509519166,0.10460389224020648,0.885609113046304,0.8927730660007669,1
train-002934,0.441666989037916,0.23160378163783416,0.9340648590530587,0.882836361946816,1
train-000060,0.7886415781380197,0.007684012739994836,0.9066503720037028,0.6492342652575293,1
train-000713,0.32674561219528914,0.02981739512591925,0.8671190981053571,0.8633511138336173,1
train-004107,0.6306936435692093,0.3510112917265335,0.878997426325128,0.7745207130155013,1
train-000287,0.7909896714382558,0.3689457283835212,0.8156782084338234,0.6263116301441336,0
train-001307,0.5316053311259188,0.3658578854061563,0.9364260919353152,0.8293371937764802,1
train-005766,0.4870120082572068,0.3122795068212611,0.7710456922418039,0.5740251117901994,0
train-003433,0.5594102244652556,0.28246770979963187,0.9424244062015045,0.6369163598908261,1
train-005916,0.7201910927040438,0.20925193191980776,0.8787209155012011,0.6764203116704844,1
train-002721,0.40150508372992355,0.07356953527660934,0.9115246005659169,0.3283462578771783,0
train-005799,0.41862838111050404,0.34865002976418386,0.6357445048128485,0.49003916227231237,0
train-005160,0.6552870004886462,0.29027785498580316,0.8948794941485457,0.7109703351610266,0
train-005540,0.561254152953502,0.23574478039168476,0.9807002211197313,0.7879791577598138,0
train-000899,0.3000650003257857,0.024461884975972636,0.7145617878311783,0.7880230744646468,0
train-005137,0.6580694136694003,0.26911123892283473,0.7162665872173645,0.7136037390760359,1
train-000484,0.3232568886714076,0.36808458823321766,0.882544620716667,0.7418838345631951,1
train-000110,0.6591528925991266,0.32503082035398057,0.9118529471539367,0.9260165168872467,1
train-003749,0.7457557217038684,0.21186375061714197,0.8685242739210335,0.7868435130485089,0
train-000415,0.4614217710232306,0.042796227446119155,0.9192196412656173,0.7753845985674759,1
train-002740,0.21757360158086858,0.13819735667266247,0.7762920461782133,0.7227177404517126,1
train-000788,0.4596099669842874,0.22800215315741296,0.7048077869576825,0.7342159976835511,1
train-001084,0.6073069503088036,0.32885541891657016,0.8987724576547006,0.9175368225745478,1
train-003516,0.782689331849385,0.40182302147359855,0.8822100148078188,0.8383010640743298,1
train-000602,0.8174177205831028,0.36270280191038906,0.5984699624596039,0.657053029221965,0
train-000491,0.5069581066606289,0.21126321109228358,0.9582135789240486,0.7521504497630671,0
train-000644,0.54958740089592,0.12049207220814885,0.9203297946491277,0.6785860055295327,1
train-003207,0.2582094840806455,0.14563924081135332,0.8233189556884438,0.8129894756044651,0
train-000381,0.38763051596522896,0.2674634292475514,0.7926626240515521,0.8681167975958263,0
train-001906,0.2164777887130658,0.23321457926311967,0.7454005221690612,0.7594291540712508,0
train-002075,0.3097559293715291,0.05237676807526388,0.6153383204320713,0.8617013381315239,1
train-001975,0.5903899639774559,0.19695903644458412,0.7597388868645842,0.8991763948342519,0
train-005748,0.4703100128282203,0.06619684855621243,0.6727517240565282,0.6999969630639219,1
train-001360,0.2911931181874872,0.07429846995303159,0.7502721979447402,0.8113601415352499,1
train-002156,0.39084509920628824,0.20028842629973076,0.9275188467822713,0.8242351203122064,1
train-001604,0.5379779864982828,0.20284971044388952,0.8970742467380762,0.26599865250216204,1
train-003904,0.3325303639217563,0.17050887211975574,0.8885327424983761,0.680904553926398,0
train-000209,0.37732850716907174,0.22042254246882195,0.9709997979311565,0.9456974170240126,1
train-005250,0.363608109368173,0.20427001127228586,0.9840782122735986,0.846048528258344,1
train-005902,0.18436955101785613,0.20770744400470817,0.8736532887151183,0.5630301423608762,1
train-001459,0.6119757000026317,0.29000843028844964,0.742997180637266,0.7367957860594646,1
train-002927,0.698498676495071,0.29311719645156703,0.9723168352807794,0.6721740329593628,1
train-002756,0.5446179875380563,0.5358227916238004,0.9803959571314816,0.5167029461841596,0
train-003091,0.5566465294791361,0.16816312090675595,0.81395732363661,0.5586571693570191,1
train-000984,0.7555420613764693,0.07211907012680864,0.7823932476708784,0.7385239733274818,1
train-000094,0.5481552378217112,0.09228804885905023,0.9590396293509532,0.4072789880978148,1
train-001831,0.5470028590691516,0.06858110683107747,0.8118639429716995,0.8070644671620248,1
train-002064,0.7328916261545207,0.16863253238721873,0.9215117761663629,0.8427972030791105,0
train-000892,0.41163371933765214,0.2587929163789482,0.8854689299802961,0.8657453804831486,0
train-005954,0.2567686649129105,0.2844505092762028,0.8615570064964451,0.7990235029493098,0
train-004249,0.8262153926914265,0.07560293207230373,0.7433845904339985,0.6019327131198176,0
train-002852,0.5768794999303914,0.0880448792713116,0.6658113517362609,0.7672304582262044,1
train-005611,0.6324563704240681,0.2147316262624473,0.8036974936712168,0.637900902949924,1
train-001203,0.3037223811870112,0.31369720283959324,0.9258400966561224,0.9483428739012899,1
train-000258,0.804434755429223,0.16140454799493206,0.7906456316151881,0.7293328262277515,0
train-003399,0.6102632090556143,0.08032580643072654,0.9430320218480186,0.8066164185979301,1
train-004450,0.2483673681880664,0.09859318166885536,0.8052992088039498,0.7557390027764387,1
train-003976,0.2883958410730339,0.10140710601024254,0.7455971430204481,0.7004019849401255,1
train-004561,0.7055250796832735,0.21816852913558274,0.9521258313940335,0.9035520549729158,0
train-004291,0.5663577929646729,0.361116771231454,0.7646641803904483,0.790848180565333,1
train-000260,0.5034638020666669,0.22969898834647715,0.8109168860896262,0.4860933211055034,0
train-002219,0.3421859183495229,0.06881541535696892,0.9026513168666664,0.7279356474953061,1
train-004974,0.785070228508937,0.20997165145292263,0.977955345719905,0.8078898868926503,0
train-003666,0.4899248693867049,0.1998202041513755,0.794701523783337,0.6275528462784375,0
train-004798,0.21496217147785537,0.45721141607778587,0.8795650684335116,0.303630740784437,0
train-003560,0.48499741562851645,0.025197910213016032,0.9694368530199234,0.6805827628892593,1
train-005933,0.1719285516024042,0.10473673229312803,0.7017004323098067,0.8090985858149878,0
train-000116,0.5021121486050697,0.24709400569470566,0.6911074496873928,0.8132420274413947,0
train-000509,0.48800383942446585,0.12119046798070762,0.8265888277292746,0.8798876944347329,1
train-002855,0.5386272074002897,0.2949551491099073,0.7376115798845015,0.6951279382094518,0
train-004666,0.2566546159890796,0.18101574753891422,0.9365806470344428,0.5499981156082214,0
train-001200,0.49360922739339275,0.1952609693935478,0.831376388135224,0.5490542208787605,1
train-003906,0.7701115154007185,0.10930219984459903,0.8510889016325087,0.9118545947246418,1
train-001526,0.577067437978628,0.010294000877438753,0.8759502190266757,0.6275020728690006,1
train-004457,0.4259536777480253,0.08747675902462923,0.8360210211929336,0.9269484115640725,1
train-002359,0.6323661436230916,0.14246144156891463,0.5974809205762691,0.6020773245364825,1
train-000208,0.6042482477980382,0.18003023055570586,0.6521180076538111,0.3025017016579289,0
train-001157,0.5401631806642723,0.22927299911346719,0.8729727270044922,0.698275778119806,0
train-000717,0.859016391053043,0.013061974943024518,0.7499736348749483,0.7300066271734297,0
train-005502,0.509825254348511,0.04200308651348799,0.8579252791504128,0.9080451675444002,1
train-000210,0.6794959944920331,0.2303218437108731,0.8303164037871448,0.6129776486733578,0
train-005637,0.5397470334644663,0.048153647326617956,0.9548524187214741,0.5790588555508599,1
train-005219,0.5034588964251215,0.028295275273702833,0.965523339637848,0.8486597823262028,1
train-001812,0.4073289875654093,0.22793452488569338,0.8850616247816446,0.8086475103009886,1
train-002882,0.4168928894374659,0.04677200500366954,0.7928908784709718,0.6620091051180711,1
train-001950,0.5576539516733675,0.020786429338761996,0.824303578239504,0.8609579108121242,1
train-001862,0.2984829349704474,0.08895127565181823,0.9624699338843996,0.4979909437685947,1
train-003814,0.30964515512316426,0.2275952315907954,0.914650516814461,0.8982695673024276,1
train-001808,0.65012523880841,0.3843503945586529,0.907349437126366,0.769436699223516,0
train-001251,0.39817370876246655,0.4574806173247967,0.7995952192260541,0.916606539358822,0
train-005028,0.7110803345418848,0.23738916779980065,0.9291055100098702,0.8044530207918914,1
train-004370,0.2026730113237625,0.2024340115484438,0.8033228617654606,0.7895751806912104,0
train-004167,0.6983465664599198,0.12391405172599185,0.7477153732744148,0.5417541324271016,0
train-000486,0.39181416411436715,0.2005062974023744,0.8471512754413679,0.7281116961909205,1
train-001426,0.4300240553935366,0.014011662906450987,0.8374723696825693,0.7457116954248466,1
train-002884,0.5308417297870723,0.24937316075492733,0.778511900339693,0.7406725946165681,0
train-004140,0.4720909990711396,0.20745859391108745,0.8890510714118015,0.9027125694633444,1
train-005313,0.42832565998852323,0.07738405410101386,0.8327341324855316,0.7319461662776379,0
train-005660,0.7340312018684304,0.12611615643479415,0.8105246081165542,0.5485094356050653,1
train-002473,0.4013428541138299,0.041623926356100856,0.905537162046308,0.8448259487638229,0
train-000812,0.3680849963116065,0.09817777922408412,0.7951547283478844,0.47274039876623325,1
train-004009,0.653935901243129,0.2923062298926682,0.49920278961915654,0.8387078221860251,0
train-002682,0.500985285080373,0.035154913825296806,0.8463601436443097,0.7771540646869036,1
train-005965,0.20320010758892465,0.1713734458865044,0.9186562134205728,0.7596852375042449,1
train-005991,0.3191183823410035,0.2101746160484224,0.8306294962581446,0.6983874054766399,1
train-000662,0.3998830018169555,0.04831206327082364,0.8437386889988651,0.6560479601822286,1
train-003118,0.46534170665558705,0.20077262868730253,0.9854341588909212,0.7007113560449356,1
train-000736,0.2881602120936209,0.08721399822028157,0.42550116851476105,0.8222353293708703,1
train-002542,0.7397538962949259,0.23033471667766475,0.8037147392201573,0.600935888452461,1
train-004123,0.6071621409464742,0.24845354522013546,0.890189282984158,0.8209313171114494,1
train-001732,0.3576789582335138,0.0541996933774645,0.8348232244416699,0.6667692751629193,1
train-005407,0.6587942960363743,0.05604689727360433,0.8534441847322016,0.7276614152713842,1
train-001320,0.32134281616158805,0.12559110775731,0.7973598496853984,0.7885502892906416,1
train-000026,0.30125947628115696,0.31160718044333346,0.9324938337799595,0.5928607900564575,0
train-004130,0.32895405224379654,0.11090166233668237,0.833744928041702,0.47108724420135456,1
train-000404,0.4500245668390125,0.18649073036485292,0.7157544530237919,0.5175950645630082,0
train-002482,0.7248153300079383,0.17303893388196154,0.6601401811482394,0.8781684916113341,0
train-002677,0.42469506860122985,0.28499891090721574,0.8309536371371246,0.8429064550819023,0
train-003955,0.31912590384718087,0.08845492306163714,0.7253015014321911,0.3473390662225576,0
train-001282,0.29234232725374726,0.20847488915998894,0.8573375863868374,0.3592817704206587,0
train-002122,0.7812367415215729,0.2585935704766859,0.7120262981726622,0.5642365381049432,0
train-000968,0.6052741664473812,0.03718244118371505,0.9526967479964293,0.8303146939352227,1
train-005876,0.41059247902734786,0.26696201596938357,0.7635845194210544,0.8733318476426906,0
train-001154,0.42497218581352314,0.21752480581519093,0.844499635583466,0.8558998562255223,1
train-005185,0.6846221483763476,0.15670330637463198,0.818383596619886,0.828672338298553,1
train-004535,0.40453667597104515,0.3744506745248048,0.9135962544740669,0.4312257506913404,1
train-004626,0.5451500944158163,0.18748516664790632,0.7226836957162672,0.8137838551118834,1
train-000070,0.4042802847212457,0.050489584757372995,0.8641242935853813,0.9690089458265138,1
train-000315,0.6211115055805204,0.22023424974968722,0.9335692000693188,0.7226961887168496,1
train-004952,0.6410229904132472,0.23548835333560816,0.8681806232547351,0.8012891202575942,1
train-002365,0.5617046841623995,0.04606902665956506,0.7721321551836042,0.5510223147632722,0
train-000007,0.372989674978491,0.2955019362392241,0.6697537115225297,0.6020446368508807,1
train-002757,0.5028813314455641,0.22761184372934076,0.6897669061239801,0.769337218491701,1
train-001456,0.6666384335601112,0.2967284911652268,0.7718445594752449,0.8848113650848618,0
train-005833,0.612815058981678,0.07816519821033477,0.8143566494013659,0.9557343573848031,0
train-005555,0.8183039068773497,0.2183479774519621,0.7463041154976461,0.7650626560114431,1
train-003556,0.37927461014933633,0.12537217105708592,0.8711094344112312,0.8177712804264556,1
train-005158,0.25154469747994196,0.19447727982817065,0.7299049508427035,0.8765866247819185,1
train-000549,0.5408302363620205,0.05486841786082883,0.7323334910181665,0.6392461749662155,1
train-002252,0.30901468091400075,0.09510238375772423,0.8432607152752124,0.9017326577747434,1
train-000284,0.7553189406791899,0.27053680633056754,0.8885913660027007,0.7146354175086591,1
train-000777,0.6060950490353784,0.0807392519988487,0.721907216035547,0.8191805614472312,1
train-005469,0.5736346002313057,0.4099150206331576,0.7481724557453044,0.6992510475135327,1
train-002259,0.6313651873596523,0.35347067742931104,0.5401257111356786,0.4387826004960815,1
train-001014,0.40013527822813155,0.15446416641319055,0.9336133784837831,0.9107098746489222,1
train-000555,0.41113109403263076,0.23486258582701733,0.8613605521512626,0.8752384270249933,0
train-004290,0.5456738625692366,0.03485315374487062,0.7393919896423439,0.7388263407121989,1
train-002522,0.34945868766627186,0.11357708350682537,0.8605396425136952,0.5069327294954903,0
train-002248,0.339309562793716,0.20302685634131817,0.7554156849940439,0.8076566411583592,0
train-005978,0.6320619864493621,0.21424893473584847,0.8358205324240507,0.36280122003280046,0
train-004811,0.5757647296037892,0.24088515188065984,0.8298061336877935,0.7127049012571295,1
train-002879,0.7077877590880598,0.22294958449539257,0.8279530243029716,0.8162443550028894,0
train-002044,0.5434925545653548,0.2619144354311911,0.9613805201172215,0.6642318807905613,0
train-005262,0.45533121509390095,0.12667938668548154,0.7373520068993911,0.9523325125586898,1
train-001933,0.47710461710698754,0.20500592404694568,0.8333661990706914,0.8846880390543032,1
train-003441,0.4234828508788959,0.2295962010258918,0.8001075171563173,0.41996869147912536,1
train-005638,0.6522209784486918,0.09228111457779198,0.9556100610870982,0.7568213522864368,1
train-005970,0.4065068458926993,0.6300715217792506,0.7140138004841403,0.8438335578696503,0
train-001065,0.5007599596440461,0.3632616724386945,0.7602903720564905,0.7249245164903342,0
train-005828,0.48320993954325436,0.26610146141230656,0.8766314404341451,0.8654844059796998,1
train-001533,0.5292003637371642,0.008143055064687515,0.7992328071735032,0.6534471470648553,0
train-003526,0.5642140453732227,0.33022193345131645,0.8519020690106566,0.45302656750997805,0
train-001498,0.2982263863249955,0.26917894142519044,0.9404703061144309,0.8533061702215448,0
train-003638,0.6084014783605479,0.15123832271146115,0.8150186772152179,0.8993759732474798,1
train-000917,0.349795819928413,0.16204751533218348,0.7387014293803567,0.9147574371210371,0
train-004017,0.5584645773264454,0.03141925213677572,0.8271630162982454,0.8239759981451068,1
train-005521,0.5998986869813178,0.03701111643336361,0.7415634133565655,0.38414063591755065,1
train-000659,0.37807560971958254,0.1458492645243578,0.9575225374835135,0.7104899575486631,1
train-001617,0.43806051220618797,0.06955444083750785,0.694172911482817,0.8625538420167024,0
train-002660,0.3855169567667613,0.4441774633086873,0.7619295809448723,0.3899668459264989,0
train-004284,0.2566158077915424,0.08975611101817242,0.7279941824153301,0.5264619675572897,0
train-003898,0.4690425074512469,0.07177388482626783,0.962574982575491,0.7640700177574572,1
train-005030,0.677413657807687,0.38287045741819425,0.8291804536982272,0.7569972195708282,0
train-000735,0.09593226297746599,0.3312932483231785,0.8243902615926942,0.7779846618742233,0
train-005284,0.5250781129430686,0.3703692176160951,0.9114091502777714,0.9141531713986497,1
train-000139,0.5097423998295288,0.20389540198720943,0.6364561992752058,0.642921108666765,1
train-001564,0.4996129600779531,0.17162994198742001,0.766553847122402,0.8497756759726219,1
train-002165,0.396618537142668,0.20602112910687576,0.6212001504212001,0.5461512085620498,1
train-005475,0.31464297418821274,0.07386576307907117,0.9460044055036814,0.635628144663071,1
train-001180,0.40829532335955215,0.05619540346564328,0.9258446496803061,0.8161928957624669,1
train-004931,0.5694114376125737,0.09676201521067566,0.7647721288039435,0.62114979334776,0
train-000446,0.3741540600595876,0.22200814037994954,0.6128243659636969,0.6844558885140068,0
train-001043,0.7092771216191814,0.43404428332638095,0.804560546661121,0.6129181474991715,1
train-005352,0.40259666355264656,0.135430923502502,0.7519001473638798,0.912989753056968,1
train-004729,0.42653827070794154,0.09479372611836821,0.943304189378227,0.5056050555915238,1
train-003376,0.635572754088128,0.12262518087546107,0.953327222956577,0.9108461750885023,0
train-002357,0.42348248769917674,0.3247067474022985,0.922660741441249,0.8280649051891386,1
train-000746,0.4366460986903152,0.5638169594185187,0.8480624285430814,0.841438095857996,0
train-001335,0.32900557422090576,0.2934791487974269,0.8599108754358249,0.7338012646476827,1
train-004255,0.5477266904671338,0.174755093731865,0.8355893111591693,0.6133301774746607,0
train-003235,0.4936796197656033,0.5625295458632947,0.8262229149449147,0.8035597177729163,1
train-000740,0.19301249689816052,0.3015997690059932,0.629662706416453,0.724428272338797,0
train-002258,0.5451892507537743,0.030835496100437235,0.9143123597750011,0.6864983561665221,1
train-003164,0.520286763212108,0.12686064466642877,0.9607676920760695,0.8366619170876273,1
train-000253,0.45025037090896103,0.013747587160196938,0.8410930857485817,0.5485223775171321,1
train-004426,0.5507894057401106,0.19732252012056284,0.9780448350870409,0.37447535517668984,1
train-004382,0.6420918402776896,0.05011814180855424,0.7981162446284112,0.7366723354942977,1
train-005938,0.4164939591738507,0.03591242461803453,0.7706413692854345,0.5269533488509878,0
train-002754,0.7063438021052594,0.25854354988127876,0.9040272670551279,0.4225351509580568,0
train-002305,0.40135872053329824,0.5078236709157186,0.8584204089998946,0.5556217498139132,0
train-005995,0.6009108133526073,0.02550734846013462,0.842778148719498,0.9197241869110367,1
train-001716,0.37519813571688176,0.19790656160093467,0.6443274438475468,0.7104471364933954,1
train-001393,0.44871122930746404,0.1146628131240911,0.7948587496632855,0.7920491530171301,0
train-002961,0.8049970627218419,0.09778579301896811,0.8575305046280755,0.8960403231982876,0
train-001547,0.409359966967339,0.459127444206839,0.9463584520846039,0.6717239736476397,0
train-002052,0.45482824079771583,0.07609034174583812,0.7349615698926287,0.8857488262585091,1
train-003791,0.4888547662759524,0.14587014424021655,0.7142811374112484,0.28209359908246834,0
train-003610,0.7729930595689599,0.10311201673903275,0.6019590285172743,0.31681234715464807,0
train-004260,0.4451813185056508,0.2144958697866473,0.9175610345255659,0.6761041921266394,1
train-001248,0.46976918254232186,0.32028210018649156,0.6813765706707476,0.7597612878134976,1
train-004975,0.37676155130131633,0.09672111957727386,0.7790841532107097,0.5811001573070494,1
train-001769,0.2390835823111675,0.35929048374967504,0.9832938356424307,0.6900552575016028,0
train-003082,0.5221752629632177,0.023942759856881005,0.6260978370425668,0.7324263184791051,0
train-000359,0.5180047946991849,0.12400908385362472,0.7498614860558636,0.7590031819672781,1
train-001679,0.3557261496696602,0.18574450698620637,0.7193824195306197,0.8168154863845906,1
train-003416,0.31897832198047205,0.07758323002785515,0.872384301609957,0.7810893019838484,0
train-004954,0.6353893193963969,0.05923542701382435,0.8359577597360477,0.7624513302283155,0
train-001883,0.5298927176129399,0.19598248457256084,0.7540395485063398,0.7249554795727498,1
train-005351,0.7701505136572573,0.36421775095028086,0.8679813927526616,0.47548454921769706,1
train-004059,0.33145962822161823,0.16160645064054766,0.7797104279283006,0.4167510746511202,0
train-002426,0.6141442844751599,0.06930818237108533,0.732614540854233,0.8633667563755258,1
train-001811,0.5784158954030182,0.2142983843835386,0.7927202933978447,0.25316758769768416,0
train-001719,0.6180379467405781,0.17362783881371027,0.8379638709915678,0.3870468329308867,0
train-000123,0.5095380520057299,0.019969292836440368,0.7618051799591435,0.9459343508930635,1
train-001280,0.28455729433033083,0.048937098884909276,0.670363392747322,0.3760190838414324,0
train-002565,0.6832164944984687,0.08323388646830666,0.9426241278048365,0.6585380481334708,0
train-000472,0.4814075227947682,0.31026429713251397,0.9422577356970505,0.6133155936632373,0
train-001963,0.24848186528577104,0.40430262497352204,0.8176815643953869,0.4320713468363498,0
train-004949,0.6367250786303801,0.47446009071337325,0.6550234772093251,0.7911097583995734,0
train-003385,0.662253266957554,0.19926817728366147,0.9637055191124102,0.869692820541724,1
train-002423,0.3951346025549544,0.08235559633302789,0.6997967924908508,0.6443861718979826,1
train-005751,0.38495683217021354,0.24634627525247044,0.8847962745240339,0.7419995284265768,0
train-001521,0.6304164961427619,0.28808528689145235,0.917244215074112,0.843352449270376,1
train-002726,0.3260365665092387,0.24018990361363168,0.8781524225340634,0.8648048126587954,0
train-002236,0.5932341522887525,0.3671409142699695,0.8225758100139711,0.5036706328870242,1
train-005968,0.445669578453821,0.03677184617527816,0.5536724529562813,0.8376838961115888,1
train-002182,0.8294962978115179,0.13045809833319275,0.6167650889958216,0.8799859294844835,0
train-001238,0.22318924921401379,0.1733999095126711,0.681941995253389,0.6468743232993732,1
train-001729,0.5410049074583364,0.40411610365149286,0.7383309174402187,0.7491255197594804,0
train-003771,0.6925291875000069,0.02281294128045163,0.9192007936205617,0.5427474330847808,0
train-003833,0.4957636984060484,0.40058432847905606,0.7861877671160861,0.4937780572362064,0
train-004368,0.41797136717016564,0.1791100180408628,0.8398025625957034,0.9042612553825395,0
train-005645,0.7403180476547947,0.10515591102753226,0.8280294200330554,0.9301200822034641,0
train-001925,0.2905611835870895,0.22595168147040745,0.9337450064567645,0.5029871458940893,1
train-004524,0.30889302921529743,0.0846225162327421,0.8643048564797968,0.7513348410842046,1
train-002438,0.371522746919876,0.09697888613552932,0.811085462450818,0.8760062068644836,0
train-001033,0.5468540735403269,0.025864007274293024,0.9696005060824432,0.7952361702853541,1
train-003963,0.5016080515863871,0.4982524669734447,0.7806975095701152,0.3760690710820369,0
train-005240,0.4868319885308604,0.29627277440936,0.7903871710111264,0.9275647789470738,1
train-000613,0.37775031933254355,0.3063535102889126,0.6266307856936948,0.5701821823379952,0
train-002870,0.626030337482204,0.18769619901107454,0.8744858565436849,0.6767991706234991,1
train-003890,0.5089218924891131,0.4167151012407307,0.750027344522534,0.7704857670728558,0
train-001046,0.6537574298362263,0.08455888515979333,0.9465365343008134,0.6168556590164924,1
train-000766,0.4401129309347138,0.0126728591249398,0.8791734380175881,0.6187083280576618,1
train-003901,0.4307673818797979,0.2225717382914516,0.7936054353721088,0.9255375343154263,0
train-005245,0.5210144216839423,0.11880642026105186,0.95870785218366,0.8227042787123094,1
train-001129,0.3305702797012903,0.25981423768167144,0.8646686742995506,0.8834878696187475,0
train-001015,0.3848783656281202,0.37046055481122286,0.9152561807514477,0.9363061290656323,1
train-002293,0.5495700279060463,0.12268535694698486,0.7249483215929559,0.8397587626960602,1
train-005729,0.4719400563154887,0.2783861321801903,0.9555662469793397,0.9355151471869595,1
train-003695,0.3965068545059553,0.17042517172080457,0.9970044736053976,0.3576523042142333,1
train-000300,0.5262087041640466,0.03357990531521976,0.843589587903501,0.5737185419679957,1
train-005934,0.4838813519575067,0.06691293799044169,0.9081222778686332,0.5804774678314474,1
train-004762,0.6351424085631251,0.4846869648754654,0.7549405463909039,0.7868097984835728,1
train-000063,0.29217374509973315,0.18901574892407225,0.924088147415928,0.6774256452419177,0
train-000625,0.5518206313128797,0.10949527145189826,0.8091105168112601,0.4637846075405649,1
train-003092,0.5523320140946567,0.03957445799047353,0.8291808959384597,0.6865729363815252,1
train-002115,0.576747272604607,0.17364277126454555,0.9174005923189033,0.7304391539416211,1
train-002762,0.6278790374395256,0.31206910087633694,0.9098064580376582,0.6729449480195643,0
train-000301,0.7782876101546236,0.07261379327917579,0.7464439995537419,0.6034340852580657,1
train-002069,0.6870916181569853,0.07745127965342069,0.7873274584456724,0.8402217397748872,0
train-002548,0.6934841912498194,0.13694383044371738,0.8780274536469886,0.8629917775281049,1
train-003702,0.5711688886073296,0.06548529181963107,0.6826130759673238,0.7415791780939823,0
train-003919,0.48260110912979454,0.3310858817367461,0.9370084253698269,0.7869699840837977,0
train-005099,0.43960947019893404,0.14424361836997263,0.9663748529002757,0.6925007525841202,1
train-000642,0.7619370825994998,0.11228372261395099,0.9257041162924085,0.8429705237653387,1
train-002974,0.2323964054325689,0.10648966277915715,0.877486471210582,0.8398497237007605,1
train-000818,0.5487523818514135,0.29149734399358423,0.948429982202302,0.891184599903675,1
train-000593,0.3764163635669139,0.38544020935892026,0.7743643595368372,0.7157701193537094,0
train-000075,0.7469680073062301,0.10780326368112213,0.7878520522453217,0.6148664662689325,1
train-000890,0.4976192354372845,0.060308557953252045,0.8956209981006454,0.9473614786622447,1
train-004422,0.446552049926226,0.30682042489268485,0.9468209287077224,0.9282676675945216,1
train-000449,0.6083466997791759,0.05328909901808329,0.7399919457747661,0.752716736066199,1
train-003578,0.4471427031945409,0.25676363792639134,0.7840990812191584,0.5397132948073429,1
train-000694,0.5823745622559948,0.13852335065428495,0.8300944167528349,0.8617604591537984,1
train-003350,0.43827931099876377,0.17348848549497145,0.9526273132501085,0.6085954533313936,1
train-005318,0.3323518099177852,0.18576296961391014,0.9180587720623454,0.5140018329674209,1
train-004082,0.48433220468731947,0.20962764786785826,0.8348484541226351,0.7396551215611586,0
train-004538,0.3645157208502457,0.1441197774224962,0.7851374598051107,0.6693736761829101,1
train-000512,0.5308783438679713,0.22347891194155334,0.806439084891846,0.9390805154374241,0
train-002135,0.6465315595460756,0.10448944712899687,0.9448725696263754,0.7421169432386923,1
train-004510,0.3946254252974117,0.12722359680147668,0.8850997806809735,0.6755109532005453,1
train-001394,0.32422879993065495,0.32395970072811336,0.898157423634344,0.5713732066980404,0
train-001869,0.6687120005466082,0.13479089141462836,0.44619525158084317,0.7730613382180692,0
train-005722,0.45528607777554414,0.2114095660053253,0.9091865197198072,0.8171564408548971,0
train-004936,0.33772199332459196,0.09911395686040812,0.83683606311161,0.8029699065168806,1
train-004151,0.38018273284828735,0.2254790806107703,0.9337769478995496,0.6139367958223444,1
train-005667,0.4327673945714499,0.25079526537877744,0.7547251659204836,0.8656618535493658,1
train-005061,0.5913908727655126,0.20037895021069801,0.9255357707658919,0.7179827015996031,0
train-004881,0.3640194656421907,0.1683067923463877,0.7895509735909373,0.5388606052923496,1
train-002897,0.4000931088584975,0.30970566582533526,0.676753150585794,0.626631979734979,0
train-005547,0.43571894343496986,0.1516094845698075,0.7984473266801783,0.8053656916600992,1
train-002650,0.3652433228603025,0.14943948081739897,0.9449298822058753,0.7787855741413233,1
train-003621,0.5613288206100678,0.13251020180541762,0.9133908489885421,0.7782415524806724,0
train-002506,0.28937625502120246,0.10732554018162892,0.8616594115481399,0.8969334575734352,0
train-002372,0.6246663395116011,0.14421758762179032,0.8897098894021428,0.5724074110026688,1
train-005724,0.2303111246907407,0.07043778726882403,0.7996959406210962,0.871437040262113,1
train-004903,0.6757179381220826,0.1846713248917844,0.8734253447843794,0.42295127292612955,1
train-001507,0.4975410217824395,0.087251849065452,0.8524765116097017,0.9319458544828548,1
train-005083,0.41404578361675376,0.13514018063042804,0.9412021330684935,0.6569274597863567,1
train-005190,0.6062816572100371,0.1180994303767228,0.9250109801199947,0.5538763321097473,1
train-000027,0.6184841494099867,0.2332225320304885,0.9183187988508362,0.3818984062719138,0
train-003816,0.6558675127955845,0.07387108986844111,0.7869697536819584,0.7322065951715672,1
train-000985,0.3312426405264226,0.09169101569666799,0.9258669751620578,0.6715207601354494,1
train-002137,0.46979221101442575,0.1925707322517316,0.7610811701736927,0.8981262982144208,1
train-001344,0.3033523934786678,0.04420482889129425,0.8373630237335157,0.4328840945277476,0
train-003940,0.5215987042037395,0.081564710411273,0.8256682537777128,0.9756608850884606,1
train-002631,0.6060512222743885,0.0565844806253351,0.9917333285498746,0.7744583524977481,1
train-002789,0.602248700919526,0.16161675114574456,0.9619579139169858,0.6778824662210767,0
train-004696,0.42277214156571025,0.1880243147729603,0.9792124198801754,0.7296361960058879,1
train-002289,0.5072109767197592,0.2719668043302117,0.8629960892865436,0.45334967181275904,1
train-003716,0.5141192878899382,0.5616290053464946,0.8950474864055805,0.18383746584530725,0
train-004523,0.7031081119540643,0.07356768829335215,0.726486080125405,0.8226827857778217,0
train-005827,0.43598998362482977,0.21222249074530314,0.7926893646290094,0.39763557182145826,1
train-000977,0.6426632230569175,0.11023639703536865,0.783331374974532,0.7637257225873322,1
train-002950,0.62343219070613,0.06211564268481384,0.8583255681939945,0.3703120134179333,0
train-004261,0.5044313434988454,0.10847474419760675,0.895232691422962,0.41282677340660023,1
train-004889,0.1926262650521361,0.0198148551995667,0.9121696273858594,0.8482423274166488,1
train-004668,0.49578899494403295,0.2969339916538566,0.8512837005786521,0.7490660057852477,1
train-000760,0.5651297466397434,0.1561488033639411,0.7792197385810016,0.9419646351528691,1
train-004412,0.616599922042619,0.1946153873202979,0.7687274892150794,0.4706788121050746,0
train-005220,0.47185427357093485,0.2807326810843783,0.8930715524921334,0.6939515610926479,1
train-005392,0.41845949586158365,0.1499705608124982,0.9553522274666852,0.9183624033405585,1
train-003588,0.4099609081757871,0.04366350152564099,0.8484105300794312,0.44297918017694127,1
train-005791,0.5904320962088913,0.3638090963982138,0.7568494046045313,0.9405741582647017,1
train-001491,0.5867534766712726,0.12617866176095596,0.9577353495019456,0.9494482555966347,1
train-004950,0.5297102877132506,0.4743624996127601,0.861692845098891,0.49411267918874835,0
train-002601,0.8144030656647107,0.1179859458404497,0.9750457284637228,0.7030969239886506,1
train-005332,0.3654511441648019,0.23381170111755417,0.8719854611305292,0.8339192391619303,0
train-001339,0.6411863778787567,0.22918438573378389,0.7863423575022379,0.668519391386847,0
train-004327,0.41694922269927487,0.011582547018279989,0.8595249767684497,0.4321206299592594,1
train-004560,0.5362627511365992,0.29369053557933195,0.9406901412091039,0.4948169121693429,0
train-000033,0.2861894595798546,0.2044943439143741,0.8552340863057307,0.6127909934215503,1
train-003393,0.40250680831349644,0.09445435710227966,0.7409361568989642,0.6452032761791516,0
train-000874,0.5145584047848082,0.19238297108939378,0.8253231292047817,0.4381527125176244,1
train-003918,0.43489441309286203,0.2584033100476384,0.9510245263588756,0.6999051064431867,0
train-001166,0.5010338175651715,0.21711759238667938,0.8540018292762402,0.5483262425416092,1
train-000420,0.6861817971230256,0.2148490968992195,0.7613649477827409,0.41503186281835514,0
train-000390,0.6000584849893091,0.16974405102455212,0.8780355448980808,0.7010350898747737,1
train-002922,0.3962720648846271,0.5029601380682477,0.8400082663081961,0.8584893769292621,0
train-001124,0.548466368648399,0.0913226901394476,0.877623172204995,0.9018315808721212,1
train-003840,0.7666002007710332,0.13499267150950098,0.7537773817656426,0.8227847311243198,1
train-000339,0.4234183616736934,0.07739806813089495,0.8600155176461444,0.5507417949905747,1
train-001467,0.3815653521429053,0.39666227931107834,0.8861928810964824,0.9863251585156589,0
train-001336,0.41471027329763355,0.02941998200516391,0.8570916520610908,0.8256534604915069,1
train-000541,0.30989901831936306,0.08936275189542163,0.7106765647654606,0.6792681521992877,1
train-004432,0.47536393765757157,0.33950331255958033,0.9579668041566574,0.7943721438116309,1
train-002081,0.6951087951858934,0.3401716597134046,0.8295422907769484,0.553580934381737,1
train-000302,0.42533702458670014,0.09943902790586226,0.8956334762598454,0.4969940437573562,1
train-002334,0.42739638144517744,0.05445726364022253,0.6891216965879846,0.7671297007073548,0
train-000731,0.5727263665191522,0.23995952913744492,0.8302068355723509,0.3654022425222942,0
train-003104,0.35612603865228404,0.2936073594007464,0.7376258326977093,0.7105904028832504,1
train-004300,0.34632509172322185,0.1444368137918531,0.659816911946895,0.839461112319365,1
train-002787,0.4660306458133723,0.11304155988448135,0.8630543826825483,0.7347795445332814,1
train-004388,0.5712951522224141,0.30288162649821987,0.7676325280569906,0.7651760352738731,0
train-004344,0.6002086643384034,0.15613861310270366,0.7693325538413619,0.4886105442215768,0
train-001444,0.5066972207674567,0.25113190544547737,0.711462114305405,0.6924902445634565,0
train-003029,0.5048673312957457,0.2618901328078771,0.8725748430970218,0.7848102783908316,0
train-001261,0.5113681521843634,0.2263878127027228,0.9133119113611964,0.5529609390031827,1
train-005112,0.4744243839441604,0.2354634474067764,0.9587843466959641,0.8382455475027066,1
train-000363,0.6154108475598252,0.2386109421686427,0.9713695755434016,0.49392095580385803,1
train-004985,0.3759583125593776,0.37964693503023184,0.6355262165139225,0.49738313305563553,0
train-000761,0.5055238692649862,0.40855207619332434,0.6963783003425169,0.5188529008219886,0
train-001529,0.2925857936451298,0.26685306867779074,0.8558120416552623,0.7962756005296476,1
train-003297,0.5841290095165115,0.02035328252216755,0.627118656536282,0.5409172087796718,0
train-005238,0.5976242499857038,0.3415875789108929,0.8110648944414566,0.9280849127285268,0
train-003847,0.6840063854334979,0.3229210308912305,0.7810067620538506,0.6022480074588006,0
train-003733,0.7065606843233454,0.23345984666412564,0.9335691009705972,0.844878399146167,0
train-004925,0.34899390108451983,0.14438800767088225,0.8575822826151989,0.34547008707667,1
train-001250,0.6547963371196183,0.11924933603273233,0.8219213269221299,0.5456542403468114,1
train-001006,0.5558007160807071,0.16687254839341223,0.573559738752369,0.763572868174998,0
train-005935,0.41612660233551513,0.24965817366956677,0.8843505651029068,0.9160576989674671,1
train-000497,0.5045668184607182,0.297341649885421,0.9174598710288802,0.8838463062954633,0
train-001041,0.7356136196410894,0.16610637920358243,0.7843072565441049,0.7198991151440156,0
train-003418,0.4348739449111015,0.18301779908222024,0.9844333985131952,0.6733973821409955,1
train-001885,0.5150383992075757,0.17892839176338854,0.8178671700085439,0.553967414258185,1
train-003515,0.8172753374022095,0.16378973805335623,0.8962777512052147,0.9477037399106606,1
train-005649,0.3861523155890317,0.13786475283582747,0.701880290186708,0.5775659129681261,1
train-000763,0.4102445390072033,0.24562674742323343,0.7511930980167203,0.6251213454310689,0
train-005641,0.3496728867463818,0.017367797912563758,0.9567982633920953,0.6383772311749354,1
train-001370,0.654928002470599,0.1208046561273939,0.8858724496533108,0.9375003621765006,1
train-004747,0.4132625163191668,0.21005930235993892,0.8271996624021847,0.8575425585262759,1
train-000335,0.3392843966933234,0.09448860878053737,0.9254896341838755,0.9158182952368329,0
train-003844,0.3225028933160778,0.0964049985250656,0.8224624045932656,0.7558804043647426,1
train-005698,0.3921572767868319,0.1520151751683158,0.7161472452073994,0.7233182321833853,1
train-000802,0.6536596883024894,0.07356634389260168,0.7244866815258999,0.9156615968192312,0
train-000104,0.559244260489434,0.26784479002673595,0.7558872274112474,0.6718776718389973,1
train-002256,0.2106497835837031,0.3559344205248545,0.45575402993504777,0.4227398419139208,0
train-003682,0.6394130382686832,0.09037486254456648,0.7218855391300343,0.8617035977920549,1
train-003593,0.7123518688819728,0.26701412562368165,0.8261313766724131,0.45533670986992225,0
train-003485,0.5489252104517232,0.10448280582578581,0.8825635827659131,0.6728001943719008,1
train-003171,0.4242121171406296,0.15261561767077936,0.8308045629261315,0.5286282931494426,1
train-000091,0.43991493568806156,0.2617786297398811,0.8551767312735279,0.13749735795898288,0
train-004491,0.6938875459254662,0.10599720623500554,0.8701389826642965,0.3826458920451374,1
train-002264,0.6946420279835371,0.2523566932863608,0.7766680691609646,0.5119029463638689,1
train-001907,0.6658750618304234,0.2092583205998897,0.7565250399670203,0.7832296348627219,1
train-005966,0.39714666940522725,0.09495674657339648,0.9617339575183567,0.8373816808014753,1
train-003632,0.6954369975211971,0.056896841815871575,0.7775736594781278,0.9580206207416511,0
train-001111,0.4840151978560407,0.4967930735219472,0.6762420816640865,0.1716405597994121,0
train-001177,0.5033227795438052,0.017708743048210282,0.7047464709782681,0.46174711294462206,1
train-002810,0.8185317088429602,0.02702999109356204,0.9350821914945192,0.7378703468815613,1
train-004528,0.4643464797322763,0.08260943699861198,0.6902971463651862,0.8184127018115798,0
train-001175,0.48826263300518763,0.2578105267763267,0.6218669830807884,0.9669411537029663,1
train-003585,0.28010185058143605,0.1891338688491109,0.9601893270189772,0.7293115015554349,1
train-005472,0.6865503489826731,0.0157151986059205,0.9279780122257582,0.9530536738297842,1
train-003570,0.49079768422718495,0.5771543671929416,0.6688119485682101,0.6416804673519934,0
train-005904,0.6383693787763494,0.23079430724604574,0.8369669044776593,0.6805659475420338,1
train-000203,0.4041658620401944,0.25821789821345476,0.8254752729654325,0.8757807582584298,1
train-002723,0.72561497457757,0.08737164954242328,0.7860326870369027,0.6336341794418322,0
train-003721,0.4163243940118291,0.2297259298981497,0.8360460180891748,0.9008553978828066,1
train-001964,0.44312641720470425,0.42284130700580363,0.6968467209275641,0.9081329968819385,0
train-003547,0.740851622890183,0.06801104749831627,0.7776622218005838,0.7492140232291628,1
train-004929,0.5216137142717975,0.15065797808750286,0.8793381219537739,0.6989822748841942,1
train-005768,0.573975164976178,0.2884040645725383,0.7076443004593891,0.5946086397390072,1
train-004186,0.28176873706992905,0.1437095975527976,0.9449711304461011,0.8667525355674444,1
train-003652,0.4855532098846484,0.3410387873355049,0.5935792474007688,0.8220700994206317,1
train-002546,0.4379052421730992,0.08302396404008876,0.6905572482076353,0.6194642595483878,0
train-004874,0.37904607817576336,0.12090644522909023,0.7535881454453212,0.4582274684137475,1
train-003380,0.29297690686559497,0.12405732612287704,0.9432744814372578,0.953310962080304,0
train-003603,0.5101517400742326,0.17756674739349215,0.9675542571357989,0.7274960131968989,1
train-002551,0.6770295928844609,0.03988031882258342,0.6612607386624558,0.7392365582502228,1
train-003961,0.756192967496308,0.09732883212917912,0.7844701969070559,0.6769492374510967,1
train-005136,0.578464382968016,0.31886978511726255,0.8423638480670759,0.8130518767578999,1
train-005493,0.4382857862818229,0.33887827766405293,0.7134088962836154,0.3389860320287639,0
train-002887,0.5145324962595881,0.1781411815279436,0.924513374949781,0.8063570255391248,0
train-005191,0.3657731113763949,0.1691889957352551,0.5826693004861521,0.7497572755190655,0
train-002926,0.927099800739086,0.500564348353359,0.589538224482821,0.8429452785959638,0
train-005429,0.31317924748921966,0.16510865339816563,0.9068235209817421,0.8280034006967213,0
train-002301,0.5374151421756058,0.27703653764692365,0.890318812155669,0.6424249972470757,1
train-004079,0.42772435316805024,0.03149705782968913,0.7245034342511796,0.327044719127635,0
train-002841,0.3362764959701056,0.0553839029671152,0.7870033129858117,0.8068022250627701,1
train-005952,0.8246614238749319,0.3600751302125002,0.9075918739602787,0.905340212906361,0
train-005583,0.8280672575939261,0.40885774410105363,0.6537074283598576,0.599723867714305,0
train-000054,0.5772964865946485,0.11960015841815827,0.7666871987769023,0.6782312761941547,1
train-003964,0.792068617430392,0.07015963677115691,0.6624568334291615,0.8235245797982194,0
train-003034,0.24488639638831844,0.16518504674303147,0.933389683166169,0.6341290392053469,1
train-002975,0.46540883034207686,0.24940679263970447,0.8311243878031553,0.7413581273966603,0
train-003160,0.4218846452031144,0.22602261111931066,0.7604304185352196,0.6813328230671553,1
train-003679,0.5144029592271823,0.008695846355635172,0.6645496026723982,0.5606553028792204,0
train-001787,0.5845934323227232,0.22260144280725702,0.8447822599741499,0.6149876489856971,1
train-003222,0.5943429458243914,0.2588640793811701,0.746353823545864,0.6549390949747315,1
train-000178,0.27491152575257993,0.023224458737621804,0.8259320233387866,0.628613942272014,1
train-001805,0.4619947947593491,0.18047305267842761,0.9801507555259404,0.8706663667672974,1
train-000337,0.42741372256662924,0.03592544742088932,0.7358436607586423,0.46721131662311927,0
train-003042,0.4763568108485109,0.18456040197766105,0.8218817271226317,0.684303131074857,1
train-001802,0.549186700212695,0.23473286722673464,0.8639957548850309,0.708052373303422,1
train-003827,0.6486005987474217,0.10175736119105976,0.8382154265477532,0.8265739939730131,0
train-001781,0.4280257290762259,0.0361441759088644,0.8619813174635735,0.7459402855788824,1
train-004047,0.563761673527622,0.1509751953216962,0.8117933505780522,0.6375262404488495,0
train-000120,0.45456417611104205,0.26463239426127605,0.8464001324082404,0.6654796037211232,1
train-004733,0.39026317138738603,0.3657671860204257,0.952993818005778,0.7204754549353117,1
train-000196,0.6364439487664727,0.13591242292467715,0.9746206135183729,0.3640688922345264,0
train-004623,0.4104098389005161,0.2444188346967726,0.9480201250578688,0.8350824412182943,0
train-003446,0.30646201882559315,0.2986053758150853,0.5999071697043497,0.521967059356908,0
train-002060,0.42096489923927216,0.2781189898956146,0.7488917011012081,0.5017067848848976,0
train-005343,0.3794205377426733,0.15243792327371652,0.7629946831535326,0.7015413135563429,1
train-003009,0.4787700825020518,0.20322797015204186,0.7730995920061847,0.7781089808317747,0
train-001176,0.24285971767524453,0.4460645418851608,0.7067352777033044,0.7198362431653231,1
train-004328,0.3784667164412906,0.17928047761879265,0.6321041042611827,0.7066656617631994,0
train-000055,0.45360820563203885,0.34547009030738685,0.8508970497353366,0.7877796566529457,1
train-003325,0.4443280962139552,0.25573930701732234,0.7047223237512383,0.5157864172538191,0
train-001057,0.3799325112165466,0.1123950392534289,0.9008770905224588,0.7479471767038048,0
train-003861,0.5587066050697573,0.3237997717306772,0.9221101900057824,0.8513994570491388,0
train-001841,0.33046283185436776,0.22493628726900675,0.6450732571995405,0.5544465940737122,0
train-004754,0.5576563236027189,0.3615896816615402,0.9699085034128065,0.8492798260308903,1
train-001226,0.5429637512411862,0.2774437847498457,0.9298582633210704,0.5692953415444487,0
train-000711,0.39315519818398353,0.38964280767845827,0.9284786228237014,0.7096522645907951,0
train-004516,0.6957408496741757,0.033019174529232004,0.9162276442376955,0.954901951468511,1
train-000658,0.6528443213903415,0.1556410948349359,0.7669869609893202,0.6792211113880309,0
train-000523,0.5651345805973178,0.42169282699925537,0.6570071286940619,0.4200074375510383,0
train-003067,0.7296878181912252,0.19761733865814163,0.6847160838556271,0.7353802089570509,0
train-004318,0.2709004616722772,0.1551854456169233,0.9128264780586409,0.6770517935840178,0
train-000379,0.47984066577339096,0.3963624637584826,0.7709532531706573,0.5574618096621612,0
train-000721,0.4478187574463491,0.12189594370418212,0.817317834534572,0.7795004137582244,1
train-000149,0.20261299230395163,0.03395880954403021,0.9557213880259012,0.5598115060316132,1
train-003199,0.1503665934997625,0.1164871149113835,0.9407950702259072,0.6081686631677433,0
train-005113,0.4390730224412476,0.24992693591673018,0.9391727478858317,0.651577410949589,1
train-001496,0.29233003094148347,0.24520461041178207,0.7363032931151805,0.7219761972454314,1
train-003024,0.35790354816399345,0.0559324213913099,0.8992377032235042,0.7749502008109082,1
train-003185,0.4579694427997003,0.2768688743470839,0.9260730127974494,0.7147678814919775,1
train-000975,0.5395456961409839,0.5506558976539114,0.7404331841401748,0.6279357271035396,0
train-000494,0.3008961226566227,0.2862600803017918,0.7387753097490823,0.557291364250404,0
train-002885,0.5567477419448477,0.03312308056287016,0.910682718408765,0.7153667945163007,1
train-003338,0.34898940726716476,0.18966982961789183,0.8506183062104586,0.6950227014144782,0
train-000633,0.4934932071244765,0.12315275861201246,0.8841726727992356,0.619695673667986,0
train-004865,0.6125964607977145,0.17753931236809503,0.8766787893888153,0.804132267420372,1
train-002192,0.46510195923394737,0.3039101364603897,0.9029494306314347,0.864365993320679,0
train-001727,0.6358110307672794,0.1350377168663655,0.8900045739298423,0.8873387245791122,0
train-003968,0.29051247623885906,0.0797395192274625,0.6327997417222746,0.5728860992025855,0
train-004832,0.34038076929936345,0.18721176124468472,0.920177432132051,0.8404832128952225,1
train-004910,0.7494799399716761,0.16502370162981658,0.8793388472655105,0.9257284851750012,0
train-001410,0.4269283800151678,0.06449095182287269,0.7775396360945375,0.806466894601803,1
train-002733,0.7510018991183786,0.38717280358924266,0.7273907023117611,0.9321480795076891,0
train-004719,0.758914266618289,0.20153504384203852,0.7289635088526918,0.6515319433624471,0
train-004706,0.6975299161149251,0.025948007888680354,0.7778361281714794,0.6991559827980687,1
train-005894,0.26212399953418425,0.09371442557671189,0.6571977437485759,0.49719997683639366,0
train-005205,0.36442619432946677,0.3690264855316549,0.759786803601178,0.8223661179456586,1
train-000373,0.6339608248995829,0.03503375040466186,0.7539586676043788,0.3186579771981299,0
train-004484,0.6148777445528708,0.28349480172614633,0.6887666339482668,0.87944165941894,1
train-002225,0.24096589411022834,0.35461703204083694,0.7884007160955212,0.5057221103057638,0
train-001677,0.7044514309231592,0.5850499666859161,0.8381930756763044,0.7757794116121919,0
train-001494,0.44350419421976767,0.4174905945966498,0.749010869710506,0.5118803090496423,1
train-004373,0.45003849270068763,0.39440877953659115,0.5963138788899267,0.7512917139508611,0
train-004045,0.6431024304685073,0.5304378140774978,0.9731763832379594,0.7569308610239942,0
train-002138,0.39018307985987927,0.39323441065508186,0.8828606445863729,0.9231407465554549,1
train-000141,0.4032624054058549,0.1753616658293579,0.7261148846674849,0.6112517196148495,1
train-002100,0.5458847919545499,0.2649931961145627,0.7879119660870716,0.803090938001871,0
train-002749,0.6124982756275744,0.144691098863698,0.511884514823718,0.726379691347226,0
train-002612,0.5166989675193159,0.26608512428217357,0.7600758125664953,0.862610252958505,1
train-002311,0.4865977864635604,0.27916981688972037,0.8680550261144279,0.6678635301888655,1
train-003647,0.5069355104750186,0.17850384138469297,0.852564507365854,0.6907254278925147,1
train-001623,0.5592597473108303,0.21704454025377085,0.7194090570626588,0.7361481039240587,1
train-003497,0.629967368943938,0.06128972051678021,0.8152402452264382,0.8345932855481806,1
train-005309,0.19383804019595563,0.08865630505654394,0.9381953608081809,0.8800505866918296,0
train-002840,0.1444294694787138,0.1194341095746409,0.9525599012130214,0.957779798342846,1
train-004352,0.40821844218226166,0.23174930427000112,0.798069840504753,0.706082944568005,1
train-000626,0.45306832832283095,0.20227548186243835,0.7487109763802571,0.5451970215434839,1
train-003162,0.375236135705859,0.27200764636035896,0.8649084260180037,0.8774614832650202,0
train-004946,0.6487648751919147,0.3540466496674754,0.8413178511587125,0.6827224807424072,0
train-003365,0.4795225245481011,0.1511660837603911,0.8825047090519335,0.7488888346397543,1
train-004080,0.23110167127229186,0.0848121982779064,0.8750552690544084,0.8643962018537772,1
train-002628,0.4552612448353306,0.26635778938589777,0.8884699011929744,0.9278926269107104,0
train-004487,0.18168060453357965,0.0894439108603801,0.7900795535024872,0.7589238022655449,0
train-004568,0.6654703354606445,0.009441461025006289,0.8844016669474113,0.8297196891600842,1
train-000474,0.6957358683429056,0.11868244882856385,0.9047925127573092,0.5803941675865228,0
train-002040,0.6013164436010865,0.1847272623667563,0.8349029663760824,0.6610879583260065,1
train-003873,0.35834379158885127,0.2252753878718687,0.7045503097519278,0.8671413812482472,1
train-002618,0.34259324952083936,0.2859717619713093,0.4131575226667745,0.6354954800838505,0
train-005501,0.2360355094162339,0.27543384921705866,0.9027801160265818,0.9203428956270925,0
train-000273,0.6856133401689511,0.20950005126727111,0.9288366708977613,0.8993936498090163,1
train-005922,0.3886940386045066,0.12659870758705571,0.8625732431049368,0.8200532121933436,1
train-004808,0.5013192731410446,0.0978323173842385,0.868173354417464,0.7403666626580435,1
train-002017,0.5111086429167101,0.05242189273122853,0.8307225986953554,0.9418490469049262,1
train-001549,0.591981076029565,0.21182377720479495,0.9367660923878567,0.6377034746214643,0
train-000570,0.31266585159052535,0.24956354733374608,0.916191149572766,0.7930906982411043,0
train-000176,0.7151003901485012,0.07999963770009923,0.9029835839538983,0.7547966146648758,1
train-004380,0.425652002403795,0.09011117619356782,0.8551582242705987,0.6033353706516271,1
train-000059,0.33843688657299825,0.33002461168607083,0.9733357545213116,0.5137608708748043,1
train-001749,0.7313344851759882,0.16136159407134282,0.6808511967841818,0.8455365839689618,1
train-000378,0.48168710637934686,0.2857171291452747,0.8131767449677484,0.9654670911187223,1
train-003977,0.6034665638187353,0.16566234450716036,0.9564717210747623,0.924159920138754,0
train-004010,0.1285883629412492,0.1973944927127769,0.846804784830757,0.8077624976081763,0
train-001647,0.3546724276565502,0.23818641842132168,0.7990632551487657,0.892562492255571,1
train-000039,0.5605100297748933,0.2480437630311159,0.7732131558331853,0.7556449530838428,0
train-000791,0.3577977608180091,0.3656640777784025,0.8288973084430933,0.801109203902442,1
train-000223,0.4975205689595436,0.14608246050324106,0.8886144959432698,0.5876429631103918,0
train-000776,0.6257433713196375,0.17810076651963622,0.9565628099735773,0.8560402583113276,0
train-003592,0.6532068921268759,0.0825538156071055,0.543255165686308,0.9683914842527438,1
train-005356,0.4185076819281323,0.1886480105885387,0.9113949926325716,0.718384613321532,1
train-004100,0.5961731491950274,0.27455623081561015,0.9590153344029021,0.5157644704539205,1
train-001337,0.2030838470544598,0.008874199535120057,0.8119594390325938,0.5989576688713593,1
train-005128,0.6327253369032577,0.31066724793242245,0.7605716666537223,0.6390327795416497,0
train-005513,0.4549600563956753,0.4109981614796433,0.825914025882827,0.8068423391183148,0
train-003794,0.5308714127584653,0.01034103333126821,0.7091401970525252,0.5633152679308723,1
train-004146,0.7169571630531963,0.21809659885896115,0.9257232854953036,0.8961155340062062,0
train-003434,0.48355945964290037,0.16306822250328284,0.7308290473192215,0.7261717732986518,1
train-004755,0.4429896511616888,0.16555585143812124,0.8991571101536405,0.7042816984928907,1
train-005661,0.5783327016344272,0.11805418825930195,0.6503417022823718,0.36025961943146373,0
train-001681,0.6260555206959845,0.20036747627131088,0.7109644350649834,0.8760102550347848,1
train-000865,0.6408381289783447,0.30972054579798797,0.8639681310600317,0.5379936810385725,1
train-002160,0.4720057557055975,0.1517179285211067,0.865208403923145,0.5742080238321786,0
train-001847,0.48119248310956836,0.147975989856505,0.8466574571306926,0.4014358475724358,1
train-000895,0.47514470933444825,0.2831504698499867,0.8016225369687999,0.9524746403731382,1
train-002742,0.525284460571367,0.4368091981132646,0.8211137344679921,0.744573385360078,0
train-003865,0.5621066618862685,0.493795274139079,0.976335426891829,0.8529033779919285,1
train-004238,0.705772442630797,0.357034154087825,0.7883444815097649,0.7422333198141612,1
train-005558,0.5815240990627047,0.14477247600280238,0.7489979467114284,0.7552594601543865,0
train-000547,0.2957387397659244,0.09379875907062461,0.7205124616664267,0.7337917863764818,1
train-000102,0.38060370616472455,0.12310596917050942,0.8213169111811927,0.6228181858337265,1
train-000588,0.5755866213821064,0.19705883428638737,0.5615705686760226,0.8276575445027708,1
train-001473,0.49389125711395665,0.01545072140186148,0.8611995227080171,0.5828787325728799,1
train-003509,0.4144827817638839,0.04773346828981587,0.9110235396147023,0.6279297537090547,1
train-000002,0.586937708585592,0.056050630698978865,0.9341769759609556,0.47709407869175813,0
train-005912,0.5307766814542546,0.20829935818831802,0.6887599910323936,0.7356868191609881,1
train-005105,0.5941198815334682,0.05941081789578433,0.5060210767749097,0.9092879503001344,1
train-004239,0.1905448094079753,0.26946928016861205,0.7250814248976456,0.5485952449084629,0
train-001120,0.3682828447509352,0.10197818005249823,0.698586198546063,0.7717750112779472,1
train-002355,0.46855144971414775,0.3523378180673476,0.91972072606673,0.6414639678096596,0
train-002104,0.6511727573127004,0.38485818837495156,0.925504378871987,0.8902017659421972,1
train-001754,0.7068071456430869,0.19377448092304714,0.7639642982847386,0.4900329862752503,1
train-004758,0.5318032583628352,0.4099809652200678,0.8362504641591542,0.7139640867031325,0
train-000634,0.5481720603554093,0.21830155395838322,0.9379836405471024,0.8484882265110044,1
train-000552,0.3800864454013975,0.3843153028120165,0.8693569591619092,0.6034159666666971,1
train-003161,0.3102099909203258,0.0677214482079654,0.9352938755144427,0.6490402146069804,1
train-003742,0.5854601859388789,0.11490943939676661,0.7996290642351331,0.38168536197410274,0
train-003769,0.6906470209492134,0.3826816486150838,0.8854182836063689,0.8140324846308543,0
train-004425,0.3868069744099326,0.1918337951365225,0.9603622715247185,0.8829792484388931,1
train-005545,0.6020198747803356,0.23709536281744756,0.9282407328565447,0.6082643618836457,1
train-004789,0.7343303896219241,0.04223401466451831,0.9322864573407748,0.8809236017073744,1
train-004206,0.722552309833021,0.025213252751814356,0.8870722847131733,0.7671267765746785,1
train-003975,0.6030245833455697,0.15384117827249028,0.6854450303763424,0.6393811000388837,1
train-001443,0.21425338969130717,0.403762268347825,0.7434058393327455,0.5358945509913866,0
train-002188,0.6150036538985078,0.25497451489735523,0.637874616500763,0.5911694980761563,0
train-005452,0.4928696509617403,0.14173055524074057,0.9237534618558119,0.8984701180992347,1
train-004934,0.5970079692478392,0.20817709200413895,0.8654392049631856,0.7553787234162388,1
train-000364,0.7147898706173996,0.21128404012131807,0.9464650042402415,0.8843898680000476,0
train-005286,0.4966371966375827,0.1530074151530477,0.9578104090399501,0.555003067895229,0
train-005096,0.48403535572314155,0.05054386921702745,0.7600191813770919,0.9146643357771901,1
train-002523,0.41974543621616267,0.09074261419192126,0.7363267971606714,0.6162784149156845,1
train-001673,0.4167656080460785,0.19371188614511115,0.9290127818478575,0.8918316059649095,1
train-002863,0.5692901923563194,0.39976654976167814,0.8943472987107344,0.8793159756455162,0
train-005462,0.4589491416747059,0.08318965550008064,0.9321893086218247,0.715910208508123,1
train-001153,0.3260165640817287,0.21981616065762474,0.7781243009410801,0.6170932960826996,0
train-000501,0.7697598985850159,0.2988214371474244,0.7433702256769801,0.9692337523445805,1
train-000282,0.3780099512589904,0.135703230770809,0.7296863343546911,0.6571685912826379,0
train-004663,0.5119511513035649,0.2607848482914481,0.8838669534657817,0.9025280526781628,1
train-005013,0.7020578717577722,0.2089599370735491,0.9410487730613747,0.9091167619969395,1
train-002526,0.8032385834868995,0.6316488632219126,0.8938001403495165,0.9500291396203445,1
train-001910,0.41813623015561124,0.13079562351573812,0.92618497446847,0.8661524081358283,1
train-005167,0.4149736444601757,0.4479944915435536,0.6068245618842791,0.4908364875471542,0
train-002431,0.6496383180116762,0.11830681446870887,0.8043926511776553,0.6724680570052928,0
train-004436,0.43468377781424716,0.1435162079333216,0.8264796443915574,0.8333087167153738,0
train-003709,0.3384425913748023,0.07019404218554866,0.8174007127724451,0.8482009196832041,0
train-003241,0.4936988531620686,0.42496728415063184,0.8401168317834001,0.7776619786603141,0
train-002292,0.21448605594912928,0.12233718408278477,0.8659072417257996,0.7617056820630026,0
train-004976,0.5292727745020787,0.4195759968686342,0.611223499691691,0.8327014260814362,1
train-002683,0.565574545387019,0.19569812487485333,0.8697212635226347,0.5572711540771262,1
train-000756,0.4571763244162568,0.20144674493085,0.8408712592128224,0.9547628643023587,1
train-003645,0.8321599421148876,0.13543979982701992,0.8529499452076582,0.8946266686110524,0
train-005542,0.46133926397861375,0.15050968908492954,0.7892236077092633,0.8461935299654136,1
train-005461,0.428313165157157,0.3807102339440559,0.8398222373664821,0.685645503550861,0
train-000423,0.5479040916517555,0.6879408063524207,0.9099922408444269,0.8058167017327217,0
train-000411,0.6095862342636208,0.078917478139551,0.5613675389851164,0.712378090194745,1
train-002027,0.5550951933139248,0.0547358618932682,0.9133270225391806,0.7564195298498012,1
train-004519,0.36792697139602587,0.13925017869156872,0.7008925265400284,0.621230443288055,0
train-001021,0.6337084856347739,0.14286000720966321,0.9375901263086318,0.7925674329778424,1
train-002670,0.47077555634899376,0.25174959389369267,0.754765801712928,0.8097399144433978,0
train-003375,0.3710192132909156,0.25957871165577256,0.8209512407350615,0.7708552277973021,0
train-005992,0.6871359533285125,0.3902839168974786,0.9184737599359749,0.6384988565326913,0
train-002330,0.650214865679059,0.24171825179336007,0.8573223835386937,0.8846808772623731,0
train-002033,0.48691277880215844,0.22984929193173279,0.7326942791369625,0.644674122465107,0
train-002073,0.46024591066082066,0.4200274338408675,0.8534672250764297,0.5345021382629139,0
train-002996,0.39804329460627946,0.25164694195957943,0.8194775387113244,0.8539565437129559,1
train-004618,0.4019069708984225,0.060368504868791494,0.8018639317318571,0.8650108709712729,1
train-003887,0.660094771532841,0.29184158896391005,0.8578962562688439,0.8220126791551177,1
train-001246,0.4421226832641215,0.14198010033427452,0.8007004676883737,0.7804363748994418,1
train-001864,0.3587363207456212,0.03791460461966788,0.8311117501087839,0.3419709973313803,0
train-001670,0.5239588890011682,0.31333763243544954,0.8526622066693772,0.7408186754840937,0
train-004166,0.5517871536511602,0.20464498971028702,0.8904085690905935,0.7246957404433713,1
train-002905,0.3390230950512069,0.11715058077365362,0.6566733790419886,0.5610706421154597,1
train-000779,0.5436233072406661,0.39985445989318996,0.8740694347901139,0.7522487135133417,1
train-004078,0.2987621935634998,0.28715213095626946,0.9347675565561765,0.7283270105185591,1
train-001253,0.28324734964705234,0.3555750840978876,0.8490709161176738,0.6818172447405371,1
train-001048,0.3955235836891818,0.28718196695617126,0.888524906807132,0.7211011207648508,0
train-000918,0.45543232751551954,0.11569989859287406,0.9730418226215494,0.8802121926338649,1
train-005235,0.15182390247805028,0.17635084264265627,0.9246296383412479,0.19495407222840297,0
train-004536,0.522934691175298,0.47555628519264226,0.9166498847095027,0.8965364745832994,1
train-000309,0.3703215052062144,0.1766711481680075,0.7937975357411913,0.40501590560029166,0
train-000704,0.521048860806432,0.23755250387392057,0.7861079309962345,0.6799950994947676,0
train-003914,0.5180480610702132,0.3877148401193417,0.9723783998285739,0.7113599091199178,1
train-000276,0.4373722538150426,0.15892114819563852,0.8312496469737697,0.7281972251751275,1
train-001856,0.5336709238505455,0.3650076558976479,0.9426622089102171,0.8414057890818673,1
train-003583,0.7650159079412674,0.0747559697579072,0.9194846815285289,0.5472338959925328,1
train-000422,0.48712191966556223,0.12035040147265551,0.8657751687766744,0.9059663595617826,1
train-004139,0.377008219172326,0.1269273670156122,0.8754306998781759,0.6080478435814104,1
train-001481,0.5069936579721245,0.26638319273167277,0.9678324810754134,0.8203365124749038,1
train-002374,0.5581202327549781,0.13715694398722733,0.9037279774333044,0.8083612251171419,1
train-003256,0.5041351263469419,0.3267433153002417,0.7642887042778593,0.7118751441043919,1
train-000115,0.3943736723132367,0.39410339607649547,0.964424279203908,0.8719807124314369,1
train-005053,0.4771024065981311,0.11918306898509032,0.8621769364386392,0.680529797851904,1
train-002049,0.6235098869199285,0.1748432512451376,0.8682520132524773,0.27318881507954274,0
train-004020,0.5887250506764959,0.09394542921994377,0.6969473833992095,0.8989007396695803,0
train-002062,0.43489426753680765,0.07278998247075472,0.8563272395168433,0.4500024722113466,1
train-004988,0.4793570233148429,0.14281745548296598,0.8406217377628395,0.6403229675106903,1
train-001258,0.7289205380301431,0.181339259379936,0.7909676455647927,0.833067474490026,1
train-004315,0.2188899769734738,0.10470503033759232,0.852671495782295,0.7359572094448813,0
train-000145,0.508072567935806,0.0519012620816566,0.8590193373974625,0.5846803347096687,1
train-003138,0.5614399273335654,0.014034817124691535,0.6866910658292917,0.47446142056250934,1
train-004653,0.47769991949268226,0.07854022549859702,0.7006684238699087,0.36625045160886116,0
train-004969,0.2851177486578085,0.22369359332963237,0.8630658880904217,0.940564061322383,1
train-003229,0.5875113471770943,0.15375226769901687,0.9112591316994849,0.5048407081440711,1
train-003845,0.2987134845071511,0.11366635297147992,0.9595562214675448,0.5798550967710178,0
train-004596,0.39388269410403776,0.23077907308184567,0.6816983091048672,0.772670400662322,0
train-004898,0.6616678474085057,0.4705996401844729,0.9547522112288807,0.520055969437688,1
train-001010,0.6338821438011121,0.13869703958269827,0.6071241975802908,0.8312915854250951,1
train-000407,0.4562587152858668,0.6044018541768091,0.7652963881799255,0.7166465900879417,0
train-003056,0.3325581834794005,0.11793362304881413,0.8898941446261619,0.6511827044484171,0
train-003743,0.7951433677120603,0.3093112417709081,0.8112475266166133,0.386854849311861,0
train-003363,0.4681463924823287,0.36894336771786995,0.6677246145140766,0.4362420950097385,0
train-001187,0.466079761044325,0.13145736948934864,0.8388391227304302,0.8625393493743372,1
train-002324,0.7202265590575282,0.09848949649522266,0.67759123714812,0.9798796979916716,1
train-000213,0.6589022134626956,0.2377072734642764,0.7463632600210729,0.8468865925508643,1
train-005900,0.6038883345907546,0.2636094267584461,0.6727598101421897,0.8502971387225424,1
train-003783,0.32617409119022606,0.17586513840303852,0.9048279042962839,0.8952400020937421,0
train-003724,0.5522664320011338,0.05114571699125825,0.8516695027978998,0.8512950640236053,1
train-004359,0.6401973153237537,0.1930970064092773,0.7455361433932856,0.6947632188184723,1
train-001550,0.3567299896324976,0.12863717058839888,0.8416438195627671,0.6968531690794156,1
train-002157,0.4889220691401124,0.0910425934690096,0.9718255215065246,0.6473857640917171,0
train-004863,0.417803982953479,0.18712360932117983,0.8525502127662389,0.7628439698206929,0
train-004288,0.8610143583043197,0.34053269201569,0.804295328814107,0.8896986738295666,0
train-001064,0.4899119431541325,0.33903396933478247,0.7827740781809616,0.8784425040154145,1
train-002752,0.49775578304749457,0.08668638043350438,0.9335736917644207,0.7467894395178237,1
train-002118,0.593972784411112,0.18926306513825683,0.7192287914497915,0.48124748287882935,0
train-002127,0.40217614609524427,0.30991606583643366,0.6190650463214401,0.6674584583496739,1
train-003354,0.2911485286873525,0.26118106607260677,0.9860187670537944,0.5305814813091561,0
train-005599,0.6002224652843355,0.03475545930388085,0.7142483002191279,0.9596288431002198,1
train-002465,0.6312376442261773,0.12594297154816372,0.9165586265465553,0.9520789301181748,1
train-003236,0.7740743302554174,0.14110073134977705,0.9107990333160514,0.7242776072445761,1
train-001105,0.5545924522517415,0.16326958526501079,0.8443295334129317,0.6831400130676751,0
train-000971,0.6043034100346857,0.23460036977223955,0.8150638421912544,0.8409835392981413,1
train-003292,0.44663885337378467,0.13197758626717196,0.9740919288707508,0.8764411466777448,1
train-004718,0.5548533174854765,0.16510324188122616,0.9146014243017458,0.862918139369174,1
train-002320,0.5586532806025205,0.16254889700010516,0.8026275042957561,0.8493870751952323,1
train-003414,0.501632951054708,0.403283498619873,0.8572359226485735,0.5813379338689243,1
train-002416,0.4517679633645958,0.5197959085139233,0.827351111840008,0.6333564815939916,1
train-002730,0.4152684897988209,0.23085717110774623,0.9035279132940408,0.7690883839492696,0
train-000331,0.6408779476182513,0.08869710736933552,0.9833163620401216,0.40198390516535576,1
train-005477,0.3535484607297613,0.25631427842834065,0.7696517777804691,0.7366287497116671,0
train-003612,0.6899587237606776,0.10547217102345725,0.8498902694449316,0.5329636238888766,1
train-005399,0.43630702412460454,0.2354287294365205,0.8482421621983183,0.6604472542480101,0
train-005340,0.4477417253924994,0.09137106206628139,0.7903293723555304,0.7468058356774817,1
train-000823,0.4936032036431153,0.1521242446184325,0.998761044283185,0.9643314470137955,1
train-005148,0.4843143647256672,0.35068395128792146,0.8230276256580898,0.8519828750432015,0
train-005127,0.651504617652644,0.2904323251692178,0.8326225041522586,0.7128382164332907,0
train-000755,0.5815056060688004,0.08101547596491716,0.7451151289367782,0.7536795814424397,1
train-004777,0.5732600855570493,0.2950152232280797,0.5484302612094095,0.710290075765661,0
train-003692,0.516441236089207,0.1578872014449556,0.8629904130414162,0.8768914282559108,1
train-005679,0.46709468101769835,0.14753809179532415,0.6748729530636974,0.8848897257512681,1
train-003215,0.5719911998117593,0.38795313182410135,0.9521317066560746,0.603560242091754,0
train-003379,0.38713511016525576,0.22190531486240392,0.7670457961598358,0.6448243740744367,1
train-000368,0.5466183225121153,0.22076052216410957,0.8117482474522664,0.4868865410212508,0
train-003152,0.5244019623237259,0.12834398842635758,0.8260542777091545,0.7405633640858397,1
train-004285,0.4494338488749576,0.18661580341164952,0.8908544166680941,0.414506037241839,0
train-001923,0.48295422309601604,0.24742494444076726,0.9087595813434975,0.8645447120792595,1
train-003853,0.4986209175155179,0.4744010262713485,0.8529764383169993,0.9636584674139439,0
train-005618,0.6341230645500792,0.34715548126744744,0.7147944931662762,0.7619644766144431,0
train-004143,0.49081528415940606,0.12213226786215933,0.887629982840421,0.7069824093223974,1
train-001911,0.3573585391882675,0.4175090093888022,0.8072446606430593,0.8277848929796319,0
train-004039,0.506926808609586,0.06456634804032223,0.9848052420884468,0.8438314592691611,1
train-000967,0.6519525270103913,0.16715891175896094,0.7816318324010703,0.5212616631102429,0
train-004120,0.5494242948318305,0.2075209609340607,0.9662181265334199,0.5490943204311318,1
train-001575,0.5570249793983598,0.17247244210114338,0.8966328779699426,0.8470636803277537,0
train-000118,0.35169739929335425,0.10181560215435936,0.8945106681199654,0.8284219570272504,1
train-000651,0.46374896433563695,0.08181641560937773,0.8426394128554584,0.5929089385264723,0
train-005106,0.4824268953939806,0.4916588158432112,0.809126691796137,0.2664798301392409,0
train-002059,0.3347487975720533,0.37124138227384745,0.7395142602673594,0.9236043681394085,0
train-001002,0.6796212896473738,0.06470856023070712,0.6770835254442555,0.8337040741776828,0
train-003754,0.3761817788375098,0.15617801740346873,0.8756198597987422,0.6624879964344241,0
train-002393,0.5755168239013888,0.3098949258979652,0.6096392012811663,0.8067407924409066,1
train-003623,0.6105750392040032,0.1761294188890163,0.7970389088736103,0.5950942523128037,0
train-005029,0.5950728299854542,0.21726279983899818,0.8688243242649868,0.2005138243635735,0
train-004512,0.4387124420803892,0.03514375551300733,0.8980914898141507,0.483614194872388,1
train-000561,0.27968033545928644,0.03399399739773377,0.9198962394552275,0.898616398678092,0
train-001990,0.3859761164314505,0.22730204956070307,0.919438457485931,0.7830578138429511,1
train-001256,0.45358480782508676,0.15896100441468125,0.9100753105396306,0.6974719619811933,1
train-001372,0.21617104689572894,0.2048051429817676,0.5771828382060546,0.8151832597653661,1
train-003293,0.6882760947510705,0.23009433815681107,0.8587689837596244,0.9540765619042691,0
train-000437,0.42638885487441924,0.20982949385651414,0.5723472130411803,0.6898556892878904,0
train-003797,0.5448122459917583,0.318736543003257,0.7729540315170346,0.49166884582487036,1
train-000798,0.5873005528580435,0.34265676224261843,0.8726822848076752,0.756876689640612,1
train-000465,0.31287594701568205,0.18287971844453427,0.8293355661549995,0.5569071235731838,1
train-004430,0.5300698663341178,0.1964072585504084,0.9399236150473127,0.7535357094464775,1
train-000785,0.26334095517415984,0.4278880292725087,0.8751903811683416,0.4403885357923923,0
train-002504,0.49781437819158353,0.05723208732502969,0.9794429800448804,0.762116861448909,1
train-005082,0.6244751047072746,0.11670401643678148,0.8262938847816157,0.557347408337631,0
train-004470,0.46107830977344677,0.16994831546599645,0.7632406816414025,0.6471310838792501,1
train-003373,0.2760289155273503,0.33915106675335344,0.799569389237542,0.6400818904177734,0
train-004848,0.7720277478912674,0.17247907158034176,0.9513418615054922,0.5423609825690723,1
train-001196,0.35951269666386804,0.1680513986495632,0.741629675538579,0.8590351619436332,1
train-003952,0.41747538090079506,0.18620496337979647,0.7756696216585711,0.5575598935852253,1
train-001868,0.2165884907197718,0.6514014914805099,0.8741002580123297,0.4880055445065769,0
train-000843,0.5505630364878105,0.08295933694279316,0.9390030622072906,0.6266212026215665,1
train-002731,0.6309596180114613,0.31696904810258963,0.9352088706255277,0.828932085476249,0
train-001989,0.7979377774514264,0.17423784930006453,0.6934555419940516,0.7422387908165156,0
train-003189,0.5942010218777299,0.2797789650852808,0.9315510493154961,0.7617751229000845,1
train-004203,0.4948554142469395,0.379030007824786,0.9873612474231448,0.8246367393812507,1
train-001234,0.5336748256836015,0.0832091298531691,0.911464844566556,0.943923334586599,1
train-001452,0.7186959240852185,0.0523036067769714,0.8774706514961224,0.8647543422448104,0
train-002029,0.8129491545671657,0.10577197584461423,0.9214680455927062,0.7765705782549749,0
train-005032,0.7572073249052713,0.18071693629892438,0.8299375396997873,0.6979058851400496,1
train-004256,0.4281739168796358,0.1441558897635068,0.8678229242210757,0.6857313895356102,0
train-000349,0.47664487601060684,0.1648514886077567,0.8539437729711483,0.6569015086365374,0
train-000955,0.4729294023866629,0.07735493405881916,0.8099555903881399,0.5726515204563709,1
train-000557,0.3094130526410295,0.244842219446807,0.7832473394054378,0.5974576269839122,1
train-003285,0.7930914927875657,0.04828384622413657,0.9076555949200305,0.5553334791352814,0
train-004927,0.3926753567302228,0.06280625793134961,0.8614997149972611,0.576516964360097,1
train-001585,0.5224912420793953,0.17259817451202214,0.5371309795645088,0.7551840873283163,0
train-001581,0.4226817761235172,0.19555077887210837,0.7355412966787728,0.5936509466138358,0
train-004330,0.2688690078070042,0.13101284325899026,0.9406738071612288,0.6296033759202102,1
train-003426,0.7824849853507626,0.28220085897609126,0.9135633058853907,0.902726081652624,1
train-002919,0.47868927460420785,0.3284508758642829,0.7895902462046264,0.8982251925347805,1
train-002142,0.5166981407837166,0.4247352647269788,0.6959663363242617,0.7266580343665656,1
train-003640,0.6841723481591285,0.13967581363824194,0.812098773838131,0.7529063123949785,1
train-005518,0.2503499562070658,0.23017686377736768,0.9149330131966223,0.7256551792770235,1
train-000243,0.3804739735702284,0.30857174889358385,0.6830064534417492,0.7684269468437234,0
train-005753,0.6251906382025627,0.03254630163795692,0.9840345304443917,0.5576384206953661,1
train-003455,0.5568912348885052,0.11095054749928725,0.7888881608207486,0.41965418574136537,1
train-001528,0.36240726038982807,0.29740272600618034,0.8306790891137571,0.4213886151222418,0
train-002109,0.3997396963487337,0.38964762047455637,0.8885590296698453,0.24936714402830454,0
train-002220,0.33542933697548644,0.19691809483832481,0.6842464191199437,0.8321617338859029,0
train-004192,0.16147571251372836,0.38879662689929967,0.6122991948797586,0.7349891683366031,0
train-002557,0.5949715836784633,0.2223871179822908,0.949497383124375,0.8523600283162113,1
train-004757,0.5131339594544252,0.26449159531112704,0.7904246141808386,0.6757555741025545,0
train-001601,0.45433281693455685,0.03252843827106759,0.9630026487062193,0.757687553987653,1
train-004778,0.4146308979817078,0.18621713996130435,0.9091909327367788,0.7291229263292482,1
train-005961,0.3315370786368158,0.2452142335310616,0.8247740586512388,0.5713924847336652,0
train-001797,0.5519879035997227,0.09449454754942418,0.8186212763080999,0.6889271133519802,1
train-003939,0.5371464569100102,0.22079467819947035,0.9069840688771958,0.6672098896351919,1
train-003780,0.6172732886989745,0.32073087268096384,0.8969667581088225,0.8338648249298415,1
train-002617,0.500557294716903,0.2259844974112344,0.616543800901913,0.7831354364759157,1
train-000197,0.5129015334852571,0.0608532042453556,0.7436781995919133,0.8437393427737684,1
train-004815,0.631719229066208,0.2473038395492641,0.8369092217425762,0.6937946409414134,1
train-005465,0.6494845597695339,0.38368524777370583,0.773912781384706,0.9621481101692553,1
train-003481,0.2971349262831227,0.11066184346738618,0.8070494317712779,0.15051148106535717,0
train-004711,0.4521451487505341,0.4512406011226938,0.8846940457645365,0.7766352942484581,0
train-001228,0.5236801142686515,0.05639194714528333,0.8430341687576208,0.6847499807756166,1
train-003420,0.3498648118064673,0.21690076308999962,0.6260373341493205,0.8387111333096363,1
train-003972,0.6364484685178571,0.21714611944398754,0.7076572720305426,0.8414149012491021,1
train-002792,0.2995832299689367,0.33465748962432984,0.7984938508595579,0.627151329292442,0
train-005480,0.6299956434719839,0.2994922033988105,0.8975813709573416,0.7795537572986668,0
train-000815,0.5652744131538232,0.06334478948468175,0.6061895904279797,0.4336660702679863,0
train-005320,0.43124982641762794,0.023508852545123207,0.7770976017916685,0.876216544223101,0
train-002227,0.360702460472087,0.05867809975123459,0.898109406938036,0.6686177679044543,1
train-000655,0.3242168923172402,0.029711259391811712,0.9196098985083593,0.7576302917134319,1
train-005327,0.4578942642322262,0.20507066893000198,0.9471020980462485,0.7440325642531773,1
train-005878,0.2783701914228841,0.1624548397860938,0.801924831588054,0.8930973751292508,1
train-000427,0.1085493132885959,0.3302105860985181,0.7953198899097412,0.8154871112852169,0
train-000896,0.546000038853424,0.03116207323025773,0.8915426338423682,0.6131133424419809,1
train-004857,0.48114845781696114,0.09640254243512905,0.943572849520547,0.6963140125882082,1
train-005376,0.532981838593673,0.3105457648695947,0.8981523697052334,0.3095119087895993,1
train-000824,0.34431106318141796,0.17493321828452343,0.745037786557091,0.6351973607699503,0
train-005681,0.4210739763974258,0.11212478681920504,0.7861847812106773,0.731552649936781,1
train-004251,0.49150532761090315,0.1320191080370017,0.8179598344319707,0.8420406946566915,1
train-002102,0.5587574930303185,0.4343733669279416,0.935157097952255,0.8286934042301625,1
train-000387,0.5708620210093543,0.1221979585263311,0.4328034576049336,0.7782776666516577,1
train-005057,0.684206156968271,0.06698340950583667,0.8279409689153492,0.7329417031591664,0
train-000375,0.6298958947891106,0.23319796390885303,0.9428431513789783,0.7213196911326029,0
train-002892,0.39451201077772946,0.08221255445800049,0.758440265591571,0.8697119205279492,1
train-005811,0.5190627578876619,0.18265456865304086,0.8098126304330002,0.8251918154545306,0
train-001565,0.5768271194572451,0.14395737087347066,0.870135245925332,0.7047519425393053,1
train-003011,0.20342074915085143,0.5606723352201607,0.8181631792680989,0.717497282243798,0
train-002719,0.4659127773121017,0.1890609545208761,0.906578266385478,0.6392487490570108,1
train-001625,0.4352618184285365,0.34312896209382865,0.8407240922181772,0.9718065453383422,0
train-004099,0.3684881720686429,0.2297018578209701,0.939675962514206,0.6340984138320208,0
train-004413,0.4705923606134235,0.13991015021572278,0.7870865833814493,0.7999145737070995,0
train-002766,0.44945837127273136,0.21825817009527745,0.7381255896103327,0.6730369743093049,0
train-000096,0.3160773606923886,0.4340138139348358,0.39565038324131635,0.6355502209464381,0
train-004529,0.4483834803056603,0.0835163180358207,0.9285855828419464,0.6529782932179559,1
train-005851,0.6046865922968092,0.08066554441989889,0.7015019053446815,0.4755612619543015,0
train-001087,0.5937028793231894,0.17731680123021012,0.9360309277001503,0.7662838145228943,0
train-004690,0.9264295687734211,0.2614188067362258,0.7218074810805976,0.6562653963498372,0
train-000617,0.37685001461051976,0.20030749749547105,0.788685086244213,0.6711755246161172,0
train-003824,0.7503348634154541,0.4209499046713599,0.7767658072014899,0.9082214869892237,1
train-004504,0.4487726441959316,0.22288189727802177,0.9255098367448114,0.7671804429850836,0
train-002761,0.49314988146678906,0.15989716579542299,0.9283881561495463,0.6472922557464482,0
train-001592,0.6781992410073838,0.3653516003928779,0.8587657430966357,0.8517560946796734,1
train-002928,0.40116127693579146,0.21871027035384685,0.8541816178719529,0.8012516214026009,1
train-002635,0.6507682122095549,0.32288500962739114,0.7164148201787455,0.4666542381601667,1
train-005808,0.5025842854208813,0.297622628608908,0.7996231587138252,0.9663403983506996,1
train-005647,0.39833347980079764,0.10561951073177446,0.8748204375849856,0.5429409255539259,1
train-003530,0.6409451777232485,0.22395543557799955,0.7205739373003476,0.818808116827444,1
train-004652,0.6739983656748217,0.14809049562208287,0.965559683566292,0.5539567437359142,1
train-001978,0.47466924334102883,0.2929361569804156,0.7481777345443422,0.7377614555986354,1
train-004070,0.34841561443117197,0.18404867086968757,0.8126727574285338,0.8385284528103089,0
train-000058,0.6226217811381725,0.20973611120612679,0.6502293074377146,0.5924106780925877,0
train-004016,0.3366263784283525,0.2245682293581629,0.7553199083911735,0.610913948174147,1
train-000567,0.7816301836354699,0.1972946277632163,0.8277312417257007,0.6987644121843369,0
train-000698,0.5472080592694197,0.49380111322362086,0.7842282152321152,0.784399778120543,0
train-002436,0.6466936679457623,0.49811617094467536,0.8154173090634681,0.9448689453690013,0
train-001042,0.3027768974935237,0.027819497319399134,0.9615992426806225,0.5918877144958384,0
train-003763,0.5635100963326688,0.40482128838310677,0.9109175204281352,0.5916151832494986,1
train-001826,0.5153969013604921,0.25528421585029504,0.9170840306834336,0.5509963867241953,1
train-000323,0.558167474282106,0.1171723849298744,0.9293911305102928,0.3366769506373254,1
train-003223,0.2345441269181237,0.47505826771751003,0.827071133593441,0.53571240919433,1
train-004795,0.5232057078765411,0.1494827436754507,0.8513265276796999,0.8092679849592539,1
train-000829,0.37786979653530955,0.14677264477888527,0.9163373610474405,0.5629981815161396,0
train-000450,0.5030320084019138,0.26855753527556536,0.9082703754970896,0.4803062893075996,1
train-000084,0.688216234040744,0.13710262414655525,0.8673143748694196,0.8830069759036654,1
train-005423,0.36679725625940274,0.0812225790684038,0.9066936396351771,0.9680068221179673,1
train-000122,0.5171109653558102,0.21257002356540972,0.7019089705985774,0.8627203334553865,1
train-001022,0.20442031867930632,0.12012607531465559,0.7281615071412428,0.9446125865549735,0
train-003411,0.45160136666990003,0.04049304774049794,0.9335286353727986,0.8416569710623281,1
train-002048,0.6051626537247228,0.3962286589217733,0.7992136316116171,0.8552572888766797,0
train-000073,0.4951447683877215,0.32396576751375994,0.7115786745997708,0.8742481848084138,0
train-000769,0.4396863714547205,0.4972051422392682,0.8458344453942771,0.8514873990803339,0
train-002337,0.6462340755339789,0.15803235675149552,0.6199422626024458,0.6093430550848997,1
train-000455,0.3485796384905755,0.6241286335816174,0.9736247083240863,0.7815209895375538,0
train-004506,0.4284647310166933,0.20908942717580323,0.8184871154207362,0.945012967737664,1
train-002443,0.7075347293731128,0.595768794635731,0.7829377921432256,0.7149799899607547,1
train-002583,0.665698481083965,0.2717541657343404,0.8639106118431701,0.7110851384169566,1
train-000543,0.43040560824566454,0.24749475254520137,0.9518624096273416,0.6513263429538333,1
train-001861,0.4032192779123011,0.0749515545900976,0.7583945418083409,0.9799625443138178,1
train-003850,0.34443070494512745,0.41577295204333525,0.8819822980220413,0.7057510136212517,1
train-003818,0.8667804603286422,0.27241877269641396,0.7751565329829627,0.8277929149043871,1
train-003511,0.482690011942516,0.08065627672955808,0.8025241299612649,0.6244955114147182,0
train-001614,0.8289735674644565,0.1103643801427784,0.9203848661447651,0.7629633206777465,1
train-003761,0.625998172641285,0.2239454138844668,0.5527026174043644,0.6675824927722379,0
train-003545,0.18528028450264303,0.2739165704164307,0.8136966334724202,0.5445505090500239,1
train-005019,0.39314175684594876,0.1538846377610428,0.76242470614959,0.938635088203445,0
train-002414,0.6645074079562061,0.26057667450413186,0.6999991092708957,0.6608162029005286,0
train-002877,0.7732209093863579,0.15454727225538853,0.8723409298346603,0.7600109038363472,1
train-001577,0.4053556110937171,0.3109262246290162,0.7489299437272615,0.7166664420324818,1
train-001572,0.6663511758484906,0.3097218184807844,0.9615988407260982,0.7897391500048949,1
train-003257,0.6345824497124178,0.11436393234408365,0.6483894306170038,0.9001206095540828,1
train-003174,0.279246387534927,0.20647936493654132,0.6938637074992818,0.8501118977528922,0
train-002945,0.5729986765399252,0.24982957600040895,0.8372143851184093,0.4102266739285893,0
train-001152,0.7581153504475364,0.3675463053569505,0.9405471325327287,0.6915230654772491,0
train-005225,0.31723725948987014,0.177806093859105,0.8063306897257411,0.4897182539550832,0
train-001858,0.4045829290852504,0.17722779202293681,0.9642742942983455,0.6175414828682904,1
train-002694,0.658751273879818,0.38974404005921465,0.8456966604649309,0.9100492655447825,1
train-004799,0.30310760989664326,0.22783748946253052,0.9064569525607721,0.9011237927225993,0
train-004181,0.7190826643103302,0.0918241516764858,0.8003639763711131,0.7020049181611324,0
train-001715,0.2885359687136188,0.340140482491823,0.8787266506996411,0.40673782090486116,0
train-004505,0.42748042627648836,0.11183417460465872,0.7030754489962779,0.6658049650532938,0
train-001400,0.3932194062634903,0.45783624988386973,0.6821666241672275,0.6786655762021058,1
train-003165,0.5489721688981019,0.031278055740368425,0.860193313985378,0.663279589823832,0
train-003127,0.602667720164228,0.2217298193520322,0.8494367134679222,0.5654663325982794,0
train-000921,0.7852881812190857,0.24625870915761794,0.8408174561133774,0.603564166141757,0
train-001037,0.7480106778063307,0.15737549896874053,0.8517674522474075,0.5394285577787666,0
train-005367,0.8127363652543071,0.029907988819743145,0.7529383913141173,0.866023939504208,1
train-002936,0.41637615126529964,0.2738716559831827,0.8617367859731033,0.955275719640041,0
train-005062,0.4814770908398062,0.0891927740230592,0.7469731482706828,0.9521646130156767,1
train-004726,0.5926848384551421,0.1543195019792292,0.8779396958856872,0.7916822506807177,1
train-002006,0.5346223527533421,0.17334203308463492,0.9673824175107653,0.8083597775241417,1
train-004522,0.39111470511122104,0.29692573994857846,0.8562303352173102,0.7457199245887077,1
train-005500,0.2670435945836869,0.34925602896044694,0.730452072953049,0.4850233367721877,0
train-004541,0.714333230649425,0.10408737684764935,0.7902637506411611,0.7673601564684478,1
train-003103,0.5454398676228212,0.18335915695944266,0.8557060833136046,0.6288529911800862,1
train-003490,0.6748732545702493,0.23538542914394775,0.6769806927964376,0.7788629052474996,0
train-001516,0.5635240928471499,0.12627838458508325,0.8748961120197215,0.2141205759388795,0
train-005463,0.5365674932948817,0.055650762260202685,0.9351253328333761,0.7326044000443673,1
train-004007,0.347391666664234,0.3171179389737105,0.9213279646151991,0.7546949262951461,1
train-004317,0.5197747277800664,0.2852881361372104,0.8501515358682978,0.5401972087792594,0
train-001178,0.3611763419194893,0.1128197067198555,0.9420352797026554,0.7876818317482724,0
train-003693,0.33422516926329915,0.31936664226552364,0.916457610902184,0.8060549680739353,0
train-001035,0.368644145173762,0.12282560433650357,0.9401296896116265,0.5802768554984773,1
train-000673,0.7179317169743191,0.1078799622688775,0.8499155655443957,0.38939593090631563,1
train-003117,0.5072530448560512,0.1343884509622022,0.6407490412416694,0.8408167773476135,0
train-003495,0.5584495421198958,0.20622446749423892,0.860082621563222,0.9648582127022725,1
train-003390,0.40097339059730924,0.2368694822166875,0.6671630626992768,0.7889886776438769,0
train-005800,0.6784417388736524,0.16600601778175947,0.7196339216057017,0.4868768433410722,1
train-003275,0.425904244838052,0.14287388351789831,0.8032328893015482,0.687068677414462,1
train-004005,0.43865491326805983,0.43171399954270456,0.9091400327029306,0.962936667383262,0
train-005072,0.3636378160242291,0.19821518932241988,0.8403164950031943,0.6380253480650363,1
train-000797,0.7235208477607884,0.21604659381527422,0.9683992963068644,0.788529978142547,1
train-001992,0.5006235029285172,0.0685931560509387,0.6945457414320101,0.5779062531168425,0
train-004794,0.307182310289356,0.0862420154940599,0.872783444691269,0.8208950074227392,1
train-001236,0.25760681637494154,0.2801591679428087,0.6129442746564783,0.7278849007703081,0
train-002967,0.4638681830258241,0.10440259638978786,0.9005523404620271,0.466781484357245,1
train-005401,0.5665015855949705,0.1914020945449978,0.6753427634292787,0.48136249387538843,0
train-002354,0.5646954274976431,0.035417896362695434,0.7361739238769996,0.49057090703062306,1
train-001486,0.6025931314585229,0.2680939889172347,0.9355191401099682,0.716151191132911,0
train-005336,0.6693471424651741,0.26190810206483905,0.8823061827532297,0.9252015865259087,1
train-000228,0.5581767148881447,0.15463693966216657,0.8688775203876301,0.6553864243330707,1
train-000516,0.6142406747570835,0.1117744818361928,0.9403088211040379,0.5012711332694951,1
train-005254,0.7239256111125834,0.1645199624294002,0.8079197807152143,0.5107171690544889,0
train-002686,0.4380491273575305,0.04634528968615782,0.5789274801384358,0.7775991237053976,0
train-001011,0.6492892809979199,0.34920748251220296,0.8147933465069096,0.6406257306781865,0
train-000452,0.5972493061911477,0.2148050893293856,0.808092015378927,0.9580197226132919,1
train-004966,0.6667410098046368,0.20581465978709793,0.5992443712383869,0.6300500537286742,0
train-000233,0.5331036668793293,0.1905544936765402,0.8587857572372727,0.8739438569477636,1
train-004572,0.5528335532326958,0.18150796030951863,0.9223815229046204,0.9287815451175553,1
train-000532,0.2906832015924106,0.16320584157375176,0.7874898279274446,0.4053013474638116,0
train-003304,0.27623130875822316,0.11273080512792993,0.6801004098873998,0.5223068348201234,0
train-003628,0.5808316969628449,0.259757814112037,0.9760593560941807,0.8485689485835245,1
train-005149,0.5215751358595988,0.21636480204727535,0.929948642164558,0.7062907844209656,1
train-000878,0.40234990383465047,0.12211235900692173,0.8165873578339332,0.7512969651120172,1
train-003999,0.4153553562687636,0.1807225095418793,0.4978225126379731,0.8225309123570422,1
train-004947,0.6166685435636264,0.31019356649966895,0.8905736661174986,0.7811591154593965,1
train-003471,0.6567783014088326,0.06982322764686474,0.8027316988796424,0.6158363967727671,1
train-002924,0.42906399801654976,0.15286261576586624,0.89772949560571,0.9540266938706904,0
train-005135,0.6525080122402821,0.23454393954027863,0.548610181321516,0.9145496571546519,0
train-004279,0.31193905006289324,0.12959281642895282,0.869273453590928,0.5953285185561497,0
train-000695,0.7766389548856139,0.24144417968116788,0.7893362409588875,0.46917888244925426,0
train-003382,0.5921297847386973,0.08274527809290509,0.9464128584738514,0.6469599688790679,1
train-001387,0.42075784684262924,0.13554144504409268,0.8762541316179112,0.8826392007509776,1
train-004469,0.7401764577409004,0.2493678064134525,0.784195874143438,0.8393803515426234,0
train-005899,0.33423380947111925,0.09153748491194132,0.8147976286441465,0.8762003563119606,1
train-002032,0.8027716868491407,0.2778444184491353,0.8397607447322063,0.9538281108017447,0
train-002507,0.507338267884257,0.1172034882493334,0.7705069688786508,0.8895328008132467,1
train-002965,0.5871680583860274,0.1326514505627552,0.8732793544545995,0.7566013981875691,0
train-001273,0.7404025895640146,0.2860810256627161,0.7610857238320459,0.8411326389917513,1
train-005625,0.4333263174929011,0.08258759887496504,0.7844017664370811,0.8021021263910939,1
train-000074,0.6738275129849217,0.3243983218821179,0.8829423735634959,0.645298369847524,1
train-004038,0.3268308405974508,0.09080124445422551,0.728106653615021,0.5249472211039584,0
train-001663,0.6312621591897956,0.11753775320603209,0.6667037188255488,0.8021239861655557,1
train-002519,0.6485428438031513,0.05159577381271576,0.9019037541742684,0.8365457717355005,0
train-004219,0.6016180676622995,0.10842749166558016,0.9470054307199687,0.8062694063561359,1
train-002277,0.6264293950902938,0.41087952110106984,0.6424378751752609,0.8836015627999073,0
train-002396,0.32456835871320383,0.7474585839776019,0.9007726848438735,0.6989942511619459,0
train-000759,0.5231734896222839,0.09178208430377213,0.8749195676915693,0.4601095297207153,0
train-003318,0.6347364508914085,0.22633564765198125,0.6302470144707054,0.9501267418957976,1
train-005511,0.4410976113341154,0.08572651337603146,0.9566765141054325,0.41565002379663574,1
train-003997,0.4036793017725348,0.13459884331369854,0.9831813147964831,0.9762766303409358,1
train-001389,0.4307428930483999,0.07018356514595318,0.741029345068553,0.6343411888114716,1
train-000394,0.6556490612750286,0.4929793445935607,0.7212152809066786,0.675861087317244,0
train-004433,0.4248540689431116,0.1899758037907111,0.965868162139286,0.5505346305189055,0
train-003271,0.48834400472192535,0.19861374684521474,0.6824011899675341,0.9711444922385393,1
train-002120,0.7144136504654796,0.09424470901690957,0.8311336583948898,0.8379977530932012,1
train-005174,0.30260963730792195,0.2663378301844942,0.9356745433330574,0.8742235205946762,1
train-002238,0.47990538079308875,0.20960417949784502,0.804457787098172,0.7749576751628683,1
train-003871,0.5397409278975128,0.06720615672601636,0.7109044476920925,0.5919858298925971,1
train-001365,0.7733510483596324,0.04573571033465686,0.8798116204127101,0.4228886699454333,0
train-004872,0.39874764527922707,0.20078379165136356,0.9386365854978796,0.46235370187620506,1
train-002895,0.41352220771109094,0.44644874974992976,0.7812430986482872,0.9036439650212238,0
train-003372,0.39158175403020096,0.2969364620850143,0.7656555289933321,0.7263138242952422,0
train-001294,0.33826307243768633,0.21094454691771095,0.6066228075476204,0.8547518740991293,0
train-000308,0.5271637617916021,0.2763395188503694,0.8473094902394869,0.8110684093847595,1
train-001552,0.7623895792903225,0.42592933004217953,0.7950656642187763,0.7375938013889738,0
train-002771,0.602947163419131,0.14153056198255184,0.8647681442227534,0.639427855839113,0
train-000473,0.4624944401020927,0.2037222856983049,0.9128228463171018,0.5509269006107572,0
train-000477,0.6298046165060931,0.3394074534240524,0.9624375026152431,0.9306468850255928,1
train-001684,0.45651711896896774,0.3360330283019033,0.8752636336072916,0.7425429577528023,0
train-003949,0.5412859546798798,0.1888027317470524,0.9752430021891679,0.6192411924282641,0
train-003913,0.5083389104486051,0.2789715771542029,0.9298224954297596,0.9166628138294488,0
train-004744,0.4785280864798918,0.11033419409645827,0.8767440775237132,0.9588340424623251,1
train-001314,0.5044169150637597,0.2236905617360765,0.8875194402914983,0.6365344970454553,1
train-001025,0.24699034013342674,0.11608581488588927,0.8775955468684907,0.6894399181009503,1
train-002791,0.3676017853223098,0.3064968220611603,0.8267277336512279,0.6160870827059881,0
train-000481,0.22957152218164287,0.6441005287813234,0.8708784990888476,0.8949788268896163,0
train-002532,0.7329431645633746,0.23470396684132086,0.9723221081723405,0.9022682408660198,0
train-004681,0.3653758109209847,0.17944882168229387,0.8225120607287696,0.5898362663633421,1
train-005495,0.6353376423542516,0.34722698657669654,0.8856333186683526,0.8436951863978397,1
train-005157,0.3822122633001741,0.14917254620589196,0.7874648335628506,0.7249688199445192,1
train-003326,0.4154680110887313,0.315282510020902,0.9925483972070687,0.9008346255410185,1
train-003295,0.41417826434905275,0.10543037351232294,0.8879221615817712,0.8755557206703365,1
train-005454,0.4446581708860566,0.24736889724668853,0.7993710700497503,0.8171417962535517,1
train-001587,0.3351242839650949,0.3420267882673272,0.780422266724514,0.690744143349589,1
train-002582,0.30299544566067915,0.06309845968569167,0.7883998766170734,0.7679306285175754,1
train-003119,0.564467709306562,0.08580671027534292,0.8597887969940168,0.32980675008929805,1
train-001815,0.4654910659605951,0.038282069204285805,0.826641685369076,0.8080670906281204,1
train-002439,0.38512180379259037,0.09151788912445287,0.8866936586510091,0.8175509750929316,1
train-003328,0.5277512512203089,0.04987233037050239,0.8080164059536639,0.9458815069725361,1
train-005396,0.6077903744561672,0.2534236230602416,0.8183883719948652,0.6204817814955716,0
train-003642,0.39987967753318154,0.11605031315582526,0.8781106538949375,0.6301902796547592,0
train-001690,0.43235060252176055,0.07723937780031702,0.9249864135533555,0.8980711314303444,1
train-004838,0.8088380365361316,0.07114823709870656,0.7629531614635428,0.7920082784905552,0
train-005940,0.6060398001670058,0.18294087242126925,0.5121430237956265,0.8789848769650934,1
train-003493,0.43538630723972177,0.4112142806876397,0.919489691030235,0.7451589075299759,0
train-001849,0.6201158802063019,0.2808507882457333,0.9035052628585042,0.7835946599189191,0
train-001896,0.4214721433296783,0.22779714826981035,0.6744905181089146,0.3822300122810055,0
train-004732,0.6894382763783481,0.37855417473841324,0.9287242771544563,0.8126852417947954,1
train-004657,0.5581333466422949,0.1490674989363284,0.7515611363820989,0.768381356415588,0
train-005680,0.5056646176660049,0.11061955714967876,0.9054217961231634,0.6329636450130831,1
train-003994,0.5643580777861854,0.28024671688679476,0.785585725255786,0.6974477283779791,0
train-003876,0.6999701189802806,0.30054250887682277,0.5238894731079048,0.8611873886350878,0
train-003507,0.37145389831092857,0.24823365949055495,0.9385694476015493,0.826927365570138,0
train-002738,0.595130415533383,0.18524356001500725,0.6517967093763931,0.4287830273295066,0
train-004651,0.40600029060253007,0.2746333337220317,0.953266098980194,0.7296053892770479,1
train-004185,0.3002517113239716,0.35529920110753854,0.669458189340968,0.529318308791256,0
train-002167,0.4525723055140216,0.16939806848122999,0.8237239986394046,0.9138271283359897,0
train-005364,0.7877603233576853,0.2296470613091631,0.8349053121057085,0.8608657700660596,0
train-001872,0.5643765388970573,0.23911108778849277,0.9228128014135359,0.7973856209453785,0
train-003524,0.43632859114230044,0.10319330557160437,0.8018827628705072,0.794418724793318,1
train-004619,0.47543467656106525,0.5106435589017648,0.6504554868612623,0.9044565384267154,1
train-002255,0.35539276226514305,0.19184159439715257,0.8755323070072795,0.6156887997643975,0
train-004990,0.45663011116223,0.1121473750833778,0.8918421640368779,0.9371966293151013,1
train-004340,0.5906786832063453,0.16236201934708572,0.7495789157426795,0.48214304641955186,1
train-001680,0.43415512672892786,0.3824932821182433,0.8357903687633337,0.7330233104769545,0
train-001949,0.35720646894205205,0.09680324720431964,0.908517946895027,0.8884572263398963,0
train-003832,0.24574635962501948,0.22663933300698785,0.8606474271571668,0.6509653319690686,0
train-005805,0.5955273533517529,0.3996191910074957,0.7631666516451863,0.8167133260156053,0
train-003956,0.5910160654035599,0.37636898972559324,0.9313042537978329,0.9186074890735912,1
train-004905,0.6658724339496586,0.27504048434612116,0.8183812237895418,0.6740603081755121,0
train-005042,0.39563840610157514,0.09448317453835926,0.8476574074755724,0.7064415986360607,0
train-000657,0.5421522410022216,0.1916751313485104,0.9024089938617682,0.827764460218736,1
train-005483,0.28231797831858985,0.2300736013949517,0.7490773330760238,0.945533803415224,1
train-004991,0.5361764432288564,0.051017504790069654,0.7293446528092346,0.701870236310898,0
train-000789,0.4035517973302696,0.15467037591036373,0.9751857751843969,0.6977404452591819,0
train-004591,0.6437791230532492,0.057153882008484376,0.7643960180524039,0.682101404105751,0
train-000813,0.7011411286407634,0.17477822632226148,0.8618515567020606,0.8453558344027786,0
train-003812,0.4117836155656635,0.051187674369730346,0.44764894590350596,0.9622214537502883,1
train-002402,0.3766537843261858,0.3749364945794401,0.6672799098620297,0.577614500881798,0
train-005887,0.3893467697646056,0.07856103315323713,0.6038097994429296,0.8896017647242795,1
train-002577,0.34976438943143257,0.06689522239345551,0.9529569591979172,0.6764064733921784,1
train-003238,0.5859851668855595,0.30260018966990576,0.9779538158230431,0.8443265013104273,0
train-004000,0.454628951086014,0.23145750541606527,0.7187654155641664,0.7316149684863757,0
train-000551,0.39627694434759037,0.13695623364602583,0.9356169961078525,0.7821660241714438,1
train-002564,0.2620159710942456,0.051990932916671485,0.7245434839334647,0.5692154599727987,0
train-000536,0.2515416765986423,0.29195854686282685,0.6325966263739162,0.6524792594621986,1
train-002448,0.39352452398362225,0.30597958970221345,0.7048110295492863,0.887327393523637,1
train-001270,0.6115926422249267,0.10413447662386596,0.8584051042586823,0.690398288345987,1
train-003013,0.6682440333178642,0.06599257353196582,0.9064357822186738,0.7270465804990685,1
train-001988,0.30012130954084276,0.1256228470494549,0.9042789975255499,0.5003571345593609,1
train-002589,0.5117336944973112,0.13871020953326405,0.9061752364137939,0.9482503233718439,0
train-003475,0.7049353892600555,0.09759276335955762,0.7891628824244274,0.762292962566441,1
train-000687,0.1892267244665127,0.0380263383987451,0.846658834351789,0.8644702927355639,1
train-001422,0.6918090509072158,0.1967816180405136,0.7998963929546793,0.6734296715663135,0
train-001081,0.5010954126426265,0.24179543008637558,0.8397166889938511,0.9023201599540128,1
train-001666,0.5916300323264364,0.26692737877285005,0.8800780402296264,0.7226295885302846,1
train-003641,0.5034158663054618,0.3445483841335666,0.9805761317541528,0.4781516176597065,1
train-004982,0.6367406436329783,0.2897642671357764,0.7496165771314127,0.7838863300323606,0
train-003554,0.32740712738214245,0.1757669386442937,0.8117822744556867,0.2731014352914366,1
train-003550,0.5560595640283102,0.192594032443292,0.7746923151356252,0.9187467238622156,1
train-002213,0.41540573164425765,0.4111111385616984,0.6736627712454744,0.6452833122738663,0
train-005159,0.4760674513870241,0.3694361623427643,0.9048061253457367,0.549624002534087,0
train-000125,0.5027199309367487,0.25748745850073057,0.8347261444666066,0.841969848148963,0
train-003111,0.6049354586357945,0.4243093817612947,0.8103661949874971,0.4580030740220211,0
train-001979,0.43486158426976607,0.24221449812966486,0.7529675071408453,0.701662993471045,0
train-004403,0.45839710380655746,0.4185128336997278,0.7489166861222442,0.7410591217130822,1
train-000031,0.7155648121433923,0.45532863412456637,0.8547270143738002,0.7246578680361887,0
train-001198,0.5724257470241503,0.14914159105468267,0.5899886651359475,0.7682770375982727,1
train-003351,0.41309983098846054,0.4451781978101621,0.8763024004985912,0.8430622463653213,0
train-001490,0.4230851528404166,0.1710123819076569,0.9124779442147047,0.5953697120606757,1
train-005379,0.48866538108749535,0.17881990847914908,0.8669659833627711,0.7488024681349428,1
train-005460,0.8171963197619896,0.17713704103629488,0.8776182448851305,0.4651555536455367,0
train-003579,0.5975406200591229,0.273916451514781,0.9196497194659421,0.7130907208838337,1
train-000881,0.38572513707744427,0.0735486363484706,0.8432993483485508,0.4764615128612833,0
train-002594,0.6183629948621012,0.22351765875582297,0.9323294039444879,0.7179440486735323,1
train-002834,0.67889990300203,0.06682793500839877,0.7603858075317921,0.342984735900775,0
train-000340,0.522648355649376,0.2528477306783158,0.9767591410887418,0.8622214449800191,1
train-003529,0.6041878262235559,0.1508865614867314,0.7611248735336387,0.6373889720314863,0
train-004986,0.7422786196448699,0.07540928762999935,0.9347680059882546,0.766420111951157,1
train-003531,0.4076899483659138,0.36237338054464874,0.548740356660136,0.5697834504110773,0
train-005405,0.3279408857934338,0.35855106376254436,0.9225840468184723,0.802355342024321,0
train-002490,0.26705891084061034,0.29224592930585885,0.777183956857778,0.5994391274629264,0
train-004336,0.5477135032676533,0.1377426903266549,0.3628181097885035,0.49944858961651367,0
train-004731,0.6570335093765919,0.3996337505547849,0.7486740285717738,0.7993573646038653,1
train-000310,0.3519389858721704,0.06919996684191564,0.9553251079235598,0.8719025615113141,0
train-000576,0.13786000657009287,0.30971252229527735,0.612463776950337,0.7316140413813091,0
train-004579,0.44150083667102014,0.16912344974608226,0.9096484403561205,0.9224329433214399,1
train-000508,0.21248869543431886,0.06453334239944006,0.8788085666219612,0.8585000820271547,1
train-004870,0.2993647915901761,0.17811139634760878,0.8880139449118285,0.5680846156453113,1
train-004695,0.392963972740473,0.34466950001534835,0.8278809936485301,0.9565102739504454,1
train-001484,0.31400049085678744,0.125870993479498,0.6858202312193095,0.6087566157445065,0
train-000518,0.5449082542393828,0.1306550883531418,0.6757238695471051,0.4494772766395001,1
train-002755,0.894893508387609,0.14032095576940656,0.8496247230825711,0.7907692610453072,0
train-001358,0.6311583467082759,0.36933666713583,0.7367269712933765,0.7249268564537833,1
train-000715,0.6444998266145066,0.02049193725041937,0.9128956682130445,0.7115881638873531,1
train-001211,0.6241125783708508,0.227192432102546,0.7939461663473152,0.7010109668434569,1
train-004241,0.6330415492424122,0.27829808857398225,0.8785644866378041,0.5557717074433308,0
train-003404,0.599170492357512,0.09362166336818326,0.7446936616957345,0.8423460076997751,1
train-003149,0.40774155110858584,0.3609097851829172,0.7715973751271397,0.14083472567019423,1
train-000475,0.3811232576597308,0.05750966894930005,0.5654381920521832,0.776592840330509,1
train-003148,0.39262882434410357,0.238384753885226,0.7644625185728391,0.6349288003483258,1
train-004396,0.5149109934915983,0.13141305273078724,0.8294008213386663,0.5327766599199526,1
train-003705,0.7456299335372897,0.3402664662177256,0.8662141709647545,0.7267512478538031,1
train-001279,0.2912279111391276,0.1899057884621696,0.6864283471300358,0.691434189586315,0
train-005656,0.48622388916698384,0.013081201663529125,0.835457465977276,0.8810501891254245,1
train-005330,0.5414157475803398,0.3560351972305409,0.8174252932962094,0.9214118813869958,1
train-001708,0.3543346873620316,0.34683973701907833,0.8606830618443219,0.40718918143774013,0
train-004734,0.7885634129859469,0.14779306119737085,0.8052533572079589,0.4569944723333096,1
train-003136,0.49624979367322786,0.2831061559247246,0.6757328303309355,0.6316646724627326,1
train-000979,0.8160544673507303,0.30620296479675446,0.7867262906255615,0.7753011422536344,0
train-000948,0.449688808251347,0.10245560462117538,0.8997974704054066,0.7803673058955726,1
train-003424,0.3880336417831654,0.0570405769461177,0.6834904143195084,0.8629101196862218,0
train-004169,0.7143390692682118,0.16587259042320596,0.6051960687661513,0.6974611896608022,0
train-004530,0.6972045777202772,0.1992515317813072,0.6928330168877576,0.6623719406186779,1
train-003392,0.47977863697288264,0.1682671443927184,0.7835862686852444,0.49401876272953865,1
train-002947,0.5748152180555081,0.06510292128228846,0.7488228006615671,0.9100651703080709,0
train-004224,0.58802011589499,0.32486928655398967,0.7921107605290556,0.6718715206401418,0
train-005640,0.5355822520149782,0.29528017274488055,0.6429035715490481,0.5369378405431902,0
train-004566,0.6085875774721474,0.2016246927576241,0.9294224680825446,0.6817712230926325,1
train-003391,0.3550700367547176,0.1364978157210337,0.9241565903178073,0.7453585046811206,1
train-002097,0.7059645765367206,0.21681725535682736,0.8934496196221631,0.9889805084032628,1
train-001139,0.4581767363509055,0.49517681013303977,0.9687962655922123,0.595042447671403,1
train-004769,0.5531897712469075,0.0699747717350914,0.9170714327814405,0.6082479744376622,0
train-005027,0.5228410466074611,0.20790058037667586,0.9748725067577884,0.5497522571924922,1
train-005841,0.5913032956260201,0.16432210636654335,0.8756748314691755,0.6500997881021232,1
train-004386,0.6428414318312824,0.05199875722242872,0.6099185596427369,0.7502569295750557,1
train-004353,0.7272215666393399,0.09315851935159519,0.9734150163174506,0.6453455445857909,1
train-000884,0.34692965404203907,0.11444455288395455,0.9307296438201452,0.7425279930490285,0
train-001086,0.37838400357307467,0.11261782066747537,0.8025309213875511,0.7980232224370934,1
train-001193,0.7027644770472662,0.2906859218261842,0.5541649054149704,0.717816108342719,0
train-003026,0.6013368547850985,0.035363995119763215,0.7755945162648685,0.7327061127872784,1
train-000045,0.4040286118681035,0.11605664716818323,0.7734603008909287,0.754317237447182,0
train-003249,0.7418027905345427,0.24763873801722816,0.7370687419646147,0.6273446558091863,0
train-004085,0.3184729548305095,0.08093123417239156,0.8155749927433078,0.5153727183087415,1
train-001092,0.6361320840862658,0.3711113477209924,0.9762516775804684,0.4777000235488059,0
train-002805,0.39141091539392825,0.03131759633346883,0.9241858851543053,0.5177780250970994,1
train-004692,0.31819104555444616,0.1538670507525969,0.8261694445158627,0.7744461953706653,0
train-003058,0.3991909258104753,0.42293377681450406,0.9623709880471463,0.8745349866500637,0
train-001142,0.4095404556364483,0.20025369153878353,0.7594503423180952,0.8495201390285951,1
train-004429,0.49735500524190207,0.0456339937252976,0.8951090286149339,0.7868920420034394,1
train-002776,0.4387473407436015,0.09370319286018639,0.663188739361451,0.9039741574988498,0
train-000864,0.6624820285040888,0.37493979072971506,0.9374416426964378,0.7753817752847219,0
train-001185,0.34065365861500113,0.192691329378739,0.9369127706564956,0.9328837157943219,1
train-005910,0.5275728823060574,0.15840990233957777,0.6264520090986194,0.6067132393004034,1
train-004405,0.609450292170073,0.2568433626882524,0.9773046861347086,0.5836856079017602,0
train-005818,0.4685451483535053,0.08029754529719656,0.8849408008669981,0.510639011468329,1
train-003004,0.3567354197057665,0.2289143137336975,0.6005572066230828,0.4040707607882116,0
train-002117,0.3349162825190396,0.045932267026561654,0.8732552067965712,0.7487733057404999,1
train-000764,0.39371563583770725,0.07679260993562469,0.8066723617013132,0.8353101546857865,0
train-003472,0.5349694219023413,0.11407132470882464,0.9492880674611257,0.9293069704553499,1
train-003575,0.5697501314190713,0.20736639627488826,0.8551840026400493,0.7904090983599391,0
train-002973,0.35225142584774877,0.033511319992263436,0.694489637215976,0.6920539158032857,1
train-004409,0.4882128813884224,0.3390641832105775,0.8718226696037151,0.4405217594184145,0
train-004963,0.5181686455715019,0.15524203160439873,0.9101854880297985,0.9202945736638848,1
train-003096,0.3551652754116562,0.5637339495210392,0.8531165983409517,0.6245465390405185,0
train-003017,0.3272232128625912,0.33605843160537757,0.7979618860748544,0.7128551833789144,1
train-004577,0.20050260873044512,0.22879896652769866,0.7382046065462652,0.7855298740861117,0
train-003492,0.6273131996381135,0.0718113576469592,0.9322488336357787,0.8924030003406553,1
train-000025,0.5737191786476296,0.2806217627476321,0.7760537107236044,0.8222560462614509,0
train-002170,0.43334385930364056,0.6021641007188786,0.9676307466625983,0.6062958729690279,0
train-004480,0.26584095178618194,0.2213100326538818,0.8700286334219721,0.6628688730387675,1
train-003895,0.2997134909747339,0.002874883544468795,0.7446085491859135,0.7058246007523528,0
train-000226,0.5455215022227291,0.15571855455826356,0.655679810475545,0.6582719375726035,0
train-002173,0.4848557867765282,0.31354007939504785,0.909502891427781,0.6627457963613289,1
train-004604,0.6327596600013189,0.08907323875624278,0.7968338275932711,0.8397998170461002,1
train-001053,0.776212901837387,0.2230069896064145,0.7522259970407226,0.8389199880479392,0
train-002475,0.756080143031639,0.30923285106231624,0.8251310951200155,0.711534329734266,1
train-003312,0.6921821049951414,0.019461425063044484,0.8714195914333744,0.6812085559072929,0
train-000192,0.4386589833910278,0.5413687149560514,0.7583149741662352,0.8347776631359701,0
train-003031,0.5286662344155574,0.03928283902332362,0.6118851398643267,0.7449866185634398,0
train-000400,0.6566675452647295,0.17487299103131082,0.9431766972157294,0.7985706227066421,1
train-002254,0.5445318314831743,0.19501864814563402,0.8411823525834895,0.7733504163152621,1
train-004502,0.5277588542520888,0.12030519561007824,0.9411370616337676,0.7227619098801155,0
train-001619,0.4364463010070291,0.1720900681014473,0.9222843037026833,0.7679507652915546,1
train-003708,0.6814527696096507,0.23955833368310567,0.7383798820159045,0.7635124101610605,1
train-003008,0.5689317020764639,0.027848250175308745,0.9434737397746629,0.3216860662814758,1
train-003953,0.4839849760044283,0.46624835090716393,0.8861859805575594,0.7047691136486065,0
train-004845,0.8404224535174133,0.057972406521816,0.9437577409704287,0.8968244836596841,1
train-000332,0.6851192167048393,0.23595588779289173,0.6960477181738264,0.862405719800506,1
train-001579,0.5367882295346349,0.11999304947284377,0.7854480974831157,0.849110281378159,0
train-001657,0.4536621807613294,0.247581496102854,0.8783989923006472,0.6210848387100454,0
train-002977,0.3068820574228434,0.5857361479815554,0.9548039504019772,0.7160239245284697,1
train-004355,0.5331756454152797,0.16694562131404003,0.8017608652007027,0.6300630333618614,1
train-001182,0.21374810816820491,0.3517683501310454,0.8369933413573029,0.5955335600418749,0
train-003675,0.3920955665394984,0.20180620222782764,0.8192935243522264,0.6735069790353028,1
train-001103,0.6320181560418078,0.09975382418048082,0.771397948025883,0.9430123130543274,0
train-000180,0.6261469360382316,0.3161952925774252,0.7381501422188991,0.8308030228375879,0
train-002031,0.613961376104646,0.13463767209446828,0.6751679771359707,0.6642539056178491,1
train-003522,0.44557511187704457,0.11241142714360991,0.911336230294801,0.9462302064008146,1
train-003449,0.6356266457012133,0.15013510358159965,0.9826493766958696,0.607207009210156,1
train-000647,0.43170236038072335,0.07983508395191206,0.8823124731615569,0.8813969241296841,1
train-005877,0.3979483068083417,0.11589786538459172,0.7363706764540672,0.903571692237161,1
train-000641,0.6455714855888056,0.21017885073207523,0.7273682964847947,0.9087029866616348,0
train-004028,0.6643235868169112,0.10194241371601703,0.9449592915474653,0.7898049282293976,1
train-000083,0.554507531617843,0.1682807181760289,0.9017162384827064,0.8230600923678936,1
train-005987,0.6079221329583636,0.525593501412391,0.9254163319411408,0.8512849119103191,0
train-000360,0.60068662848693,0.19594526967659603,0.8329416077802931,0.9012738181768014,1
train-005668,0.5542836528366427,0.22462816212815473,0.756830446528825,0.5316423991805423,0
train-004891,0.7935540259545952,0.08944404072756601,0.9208575310862182,0.6744438252177918,1
train-000883,0.4479406371826533,0.31732028213463237,0.8663014256388103,0.6170865917367446,1
train-003494,0.594381122282279,0.28673328209628224,0.905572593179431,0.6212893773919791,0
train-005895,0.519230252875305,0.26418326484797044,0.5928170902007031,0.8668605312642355,0
train-004822,0.39622299881459244,0.12067608930876983,0.8053742390628172,0.8610693886288282,1
train-003703,0.31319491763332263,0.23777188054176723,0.9367382097062186,0.9244741572569708,1
train-005597,0.4695189487698208,0.06249528181834264,0.7762825316381187,0.820225587288536,1
train-002804,0.4725148206185458,0.01275754649666769,0.8732761618668847,0.6910181818786727,1
train-001137,0.6147525149332095,0.18449491282842914,0.6660045394365691,0.8252426297595032,1
train-003499,0.30540229275246467,0.019670821325393682,0.9161493597089029,0.20163924087772958,0
train-005116,0.5471744181728865,0.1860431565041647,0.8569122614212439,0.8550130729537371,1
train-005080,0.3912776664148206,0.09775781056469358,0.8127121293991948,0.8862477111850625,0
train-000894,0.5657873269690471,0.06128502264689949,0.7643154860841032,0.8178418021579422,0
train-000428,0.5485445389037098,0.10482235142866812,0.8531152278080172,0.7946588495213839,0
train-003727,0.6006598097543421,0.018810886387975248,0.874526890849125,0.6524083631751346,0
train-001466,0.34174973144346305,0.27736989155494135,0.9474256440433372,0.8588203665244595,0
train-003806,0.4567825136016321,0.19737015747712344,0.9054780978158102,0.7884677616044422,1
train-004694,0.48166938784993163,0.26914112569724186,0.7157688636625228,0.5764592614434497,1
train-003344,0.33790585543164636,0.2739906443910397,0.924029742018396,0.8611539282845607,0
train-001553,0.7474249069937733,0.17028604267868755,0.8730984737144765,0.8391445673657724,0
train-000285,0.33090167708585083,0.06237857034970562,0.9148694881137217,0.8261646029283077,1
train-004243,0.5621233736950422,0.3280878964446097,0.9480084808136389,0.8945966219619819,0
train-001982,0.5178285817473115,0.25080195103507663,0.7446240862579573,0.4911563604283255,1
train-005288,0.8263218455130706,0.05435102285206712,0.814692409247638,0.9003680525526061,0
train-000318,0.45995257844545123,0.036331212598498204,0.9684076426441641,0.8307950853524171,1
train-003359,0.4508066881150002,0.2239509429310806,0.8659846355779705,0.9318676573049124,1
train-004607,0.47132138457220146,0.14448729449671685,0.880833534335728,0.5482897518977732,1
train-004624,0.2762662600632721,0.21353154908397984,0.7902251581151437,0.8118772104109152,0
train-000280,0.49623635621854123,0.15650797062936705,0.7666575459074079,0.9732096995109082,1
train-002828,0.338590686676167,0.08680006670810862,0.7997130074078548,0.460158488756663,1
train-001402,0.6459967481161188,0.2981629938308899,0.838460674080578,0.9730544844598209,0
train-000607,0.7010423541491805,0.18610842892214713,0.8580911545052909,0.7564440423597767,1
train-001934,0.5971806098338268,0.099523442265265,0.810950341967268,0.8176570264216327,1
train-003807,0.5471306868559355,0.2038644247449142,0.8090956393657557,0.7161887417686033,1
train-001147,0.6750371323206789,0.09726231591588654,0.9723070259339114,0.7074217675675263,1
train-000069,0.7364990514930116,0.0820048712487042,0.9456609098940841,0.6947087045675966,1
train-000635,0.6062764055085806,0.07543731433987015,0.836215724226144,0.8669679790336532,1
train-003072,0.6800284810145167,0.10698354938255222,0.8083106393692516,0.6862906950838877,0
train-004675,0.5232925585494544,0.21926884673846178,0.910758450389016,0.7291315925359371,1
train-000660,0.6486829693053996,0.08109931001233968,0.8458608893934594,0.7248864262355083,1
train-004196,0.3977578021195254,0.26606291409468025,0.8539875799998088,0.7607107934802027,1
train-003396,0.5709648961505445,0.347272531772291,0.9398508956682187,0.537965848560226,0
train-001359,0.7209118699862547,0.14996378561635212,0.5901673775180983,0.30070840611175303,0
train-005771,0.4584850009297319,0.2595044841858476,0.7930921865588922,0.6146417383925472,0
train-003573,0.42117066693885014,0.49580639634105506,0.9661330489700665,0.7587690333096394,1
train-005470,0.45641306740941184,0.4120678946927158,0.7930643852878606,0.4252119098120573,0
train-005445,0.5704474155508407,0.018081463322104422,0.9824346745089899,0.7637310201788797,1
train-002609,0.5368142297974662,0.13108100358117583,0.7161400432677459,0.6162987328746758,1
train-003722,0.5538582128031373,0.38318067404101663,0.8877764971248372,0.8666872245529864,1
train-005882,0.3239535911708058,0.2031083268496668,0.9242897623221917,0.925749089963488,0
train-003313,0.6781671212084888,0.3386099294244088,0.9273192019450962,0.827736645567594,0
train-002772,0.3454641108201765,0.03650713171239404,0.6662500236650998,0.6810123728114664,1
train-003317,0.3427976340870687,0.2543869473270571,0.8847897565280268,0.5974799665640654,0
train-004944,0.2942744721152148,0.3126949648825522,0.8984386262771835,0.7926188300871357,0
train-000693,0.5941926436233527,0.14445546476784774,0.973168411029019,0.6355552170915437,0
train-003324,0.6787125216492472,0.2638020187106131,0.4950836927238005,0.7824192918694124,1
train-001070,0.5167276810551713,0.059016954523501995,0.6324916071623147,0.8151328148917494,1
train-002360,0.4032965010549385,0.08892225617584489,0.7584792261649166,0.7289807325921548,0
train-005170,0.500620464307187,0.28456974783839384,0.7017669584375568,0.7346659284283019,1
train-003425,0.404941889175633,0.14418576136853906,0.8603504247050184,0.6772538585267595,0
train-001405,0.47045425182168243,0.21850263878340587,0.9278036958137187,0.6731978423853366,1
train-000679,0.7090879754225514,0.04036603600644147,0.7171911774520956,0.7989346276026602,1
train-000062,0.1587809551649584,0.30361653039045805,0.5100867199697882,0.8735209359341163,0
train-004780,0.36049809053479026,0.03177657630149328,0.9247988119300723,0.713147229359768,0
train-000391,0.6566350657962504,0.24108822585416345,0.9101882781544128,0.7739954925216447,1
train-000467,0.591029781619035,0.15759300662452966,0.9057100937378515,0.6345961948865796,1
train-001210,0.478030511901582,0.12418784127838611,0.7618427921836938,0.8376420804042038,1
train-000082,0.5020868953670998,0.0647097356226604,0.6778505537162065,0.8185000485439586,1
train-004914,0.8380082441653508,0.2051345412608703,0.6146745273094508,0.7299417557119183,1
train-003819,0.49635836234943015,0.4387571678355416,0.8763751149462347,0.9915054176169926,0
train-002867,0.34741317100008695,0.17163774087921632,0.8129705201684058,0.6480988944100663,1
train-000855,0.6042815149497961,0.4549073397244019,0.7772402550757876,0.7666149063774528,1
train-004908,0.4148254688513508,0.060520303216213024,0.5795295378820002,0.8752487926717671,0
train-004376,0.6184689582246352,0.05250995131208922,0.9324742268557733,0.9037149679924645,1
train-002457,0.49587499790458495,0.38991659860104017,0.8868066649589365,0.543964042970069,0
train-005277,0.5637941698668563,0.2763955814159757,0.8989842401239605,0.9301769205032149,1
train-002610,0.5083369096752902,0.2501383701621305,0.9418608744760003,0.5597163822677854,0
train-000015,0.44078414394900434,0.3763922756182895,0.8996403347047799,0.6031166560670619,0
train-005777,0.6637190818647553,0.01753052618644243,0.7597173470014101,0.4833866937160807,1
train-000603,0.6142864319746889,0.1604933725158326,0.9111150471757158,0.473767583650385,1
train-003303,0.3070003179095959,0.3236786185017089,0.8006569013205663,0.7353873580567987,0
train-000522,0.2635562118695112,0.06817462844419821,0.8793163695130222,0.6152997461028928,0
train-002394,0.5942299196589154,0.08625020734761019,0.7359345567184264,0.7936815774184587,1
train-002162,0.7112137425157721,0.3052551417387094,0.9388481211087245,0.7529719510819761,1
train-005417,0.5935225551289007,0.20174108216151743,0.9493479044913107,0.8623688616122108,1
train-005259,0.8238486616248843,0.07934192490648044,0.5923228023901888,0.7467881721549795,0
train-000513,0.6884582140504845,0.18656361998600834,0.9166060106809981,0.8599930705180376,1
train-005546,0.5962887779705569,0.22852336173804916,0.7885911570300876,0.808980949732531,1
train-001563,0.44343446954621085,0.14960041027133722,0.8286872581618548,0.36157804363633705,1
train-003100,0.720158113344687,0.15504197351985569,0.8786320094752924,0.8049224637064379,1
train-005955,0.7406964363546809,0.08570817258186424,0.6789807052731099,0.9183094368740571,1
train-000202,0.7026559115139243,0.4195468182396552,0.8721463378274736,0.6560855257656022,0
train-002164,0.5264967343000305,0.1981566298413644,0.7846299895970424,0.4367076156806914,0
train-001399,0.2798111694090804,0.13820337475705566,0.5958837722179404,0.782602248424643,0
train-000949,0.4215345194335217,0.07359968935599608,0.8860442413838703,0.5904678148732265,0
train-004465,0.5122936516828658,0.14670186123413154,0.7983198899872688,0.640215627896869,1
train-001040,0.8505098505538584,0.07773948732682555,0.6830293157964942,0.7671178569247846,1
train-005385,0.30535220270540175,0.1434580853802506,0.8545178307713546,0.8914159688552764,0
train-004148,0.20657692714337172,0.29348598370464885,0.8828055317998922,0.8982314970747759,1
train-002498,0.39533768528438684,0.19641262848251992,0.9137472538463525,0.6764434044248688,0
train-003221,0.387658838878527,0.2354281471718992,0.7363571351292111,0.7740307796092891,0
train-004587,0.5883511496971631,0.02807540256348084,0.8469424113047791,0.8958244012304254,1
train-002016,0.583181213731796,0.29257109229876044,0.8128727913121647,0.8028915716026137,1
train-002036,0.7003635064485738,0.2996396066405594,0.7445581338916875,0.2833675013833248,0
train-004760,0.4082412769251512,0.12470393576863054,0.9387190323162379,0.5024315376728568,0
train-002907,0.42994266069518194,0.5043931381036653,0.8742771332379188,0.9726047674369092,1
train-002521,0.5757444754896252,0.1324010619515968,0.5340676671886062,0.936287397689008,1
train-002880,0.7257358864698478,0.05006646957081188,0.9072163224822183,0.3874345048939624,1
train-000254,0.49101732430009576,0.21739137369319309,0.8571637370961889,0.7139635076336815,1
train-002652,0.728299957945567,0.2587795307367338,0.8646505284900576,0.5867597807308866,1
train-001780,0.6037132028146405,0.16503751098978567,0.7788144026758715,0.869689293121063,1
train-005234,0.5456917674165244,0.1682481371116321,0.8436948155897184,0.47602603526562687,1
train-004686,0.628158187859456,0.2697226698385529,0.8818037672456991,0.893747118697297,1
train-002591,0.5772371281844947,0.293712184590335,0.8497849523327534,0.7080930477795159,0
train-000916,0.45037990329720523,0.0451449989049176,0.828053803891872,0.6461960501206393,1
train-003620,0.5273242693330153,0.18102039091969102,0.969944008647782,0.5400976267690994,1
train-002245,0.4710318804491864,0.4663088743028237,0.7945313126525114,0.7140653518151389,0
train-004201,0.5063688367974314,0.32691311150816815,0.8577107309330481,0.5392579675689826,1
train-004617,0.4944720288267862,0.40931259591464,0.7755911305287949,0.6419041634260084,0
train-003855,0.24327151471115077,0.3859374448069305,0.8897013289441366,0.6839836994225976,1
train-001401,0.21272475086253434,0.09917195330706918,0.7067864628762813,0.4162410869021877,0
train-005694,0.5218595079228121,0.21921645467137946,0.899735536070985,0.6581393938929953,1
train-005630,0.22172958414370078,0.1714450485579912,0.6419709332858925,0.5838162249311284,0
train-001131,0.31536325438968177,0.139089653249878,0.4886067698507456,0.8373751845977327,1
train-001319,0.43649402616830807,0.20490409498519976,0.594373946130623,0.5788404375338004,0
train-001784,0.7025756002296104,0.1634645808553599,0.8375261519636088,0.7863078469025303,0
train-003543,0.27643220952385,0.25663229454034153,0.8861578915918581,0.7652044673561171,1
train-005200,0.4990971998100314,0.5096911807489771,0.9123334131400515,0.47723689232046934,0
train-004313,0.3130248848837295,0.047468965172119036,0.9486671724882537,0.7103987476798013,1
train-000885,0.18821116713171213,0.15976512167031215,0.8362354634490571,0.9149210589084834,0
train-002725,0.6180888669671749,0.1909523538341674,0.9598156667773661,0.9686977992417436,1
train-003649,0.7138255427366268,0.01058542525027506,0.9529405389477733,0.7063411664135679,1
train-004584,0.731351582109886,0.24165967016408638,0.8816199663689657,0.6987215718163164,1
train-004213,0.7590449168637935,0.40949262013602505,0.7060475264935475,0.5728107484480922,0
train-001269,0.4527852983339063,0.3601840027018878,0.9045435906675007,0.8395115177566113,1
train-001416,0.6387610545761851,0.23217315733878993,0.8562717576951318,0.8547175900080493,0
train-005697,0.43455554331441343,0.10999952438265582,0.7934951245374497,0.9107291518701353,1
train-000367,0.6263796103254278,0.25245295610096613,0.8877827777069714,0.4748975250877926,0
train-001852,0.669073864818689,0.13253500406335356,0.8485085869629726,0.8632546724950537,0
train-005795,0.5536886623439946,0.4353422247972864,0.5927557886682482,0.7735388635420812,0
train-003398,0.29985048394981406,0.21064440205341806,0.9565116604445749,0.7380941889806151,1
train-004449,0.6543828766099689,0.04071534407585536,0.9296583123436905,0.9203414958300179,0
train-002257,0.2014687047154758,0.13280475161971825,0.8183350869477798,0.6850956056094605,0
train-002625,0.488872119474955,0.17328070397189174,0.8952863576405751,0.8443300325352734,1
train-000610,0.5978271836153178,0.09614612498470501,0.7820149653499867,0.5931448659511052,0
train-004471,0.31251504573874017,0.39351994114766525,0.9180192685403538,0.8613410438332053,1
train-005390,0.5370940448323547,0.14253692178709332,0.8788501241342702,0.8002335073516366,1
train-000800,0.6343680504858678,0.19219494207677296,0.8950061168893043,0.6531780766319969,1
train-005328,0.4169682497056608,0.1758559925589792,0.7441760846578922,0.5088770488662863,0
train-005508,0.7658049903647146,0.40428880001766027,0.7687558014062462,0.898998441998244,0
train-000790,0.43577023101630974,0.11399536439173547,0.8494074201781288,0.5206533499892136,1
train-005742,0.8334082195839942,0.45880710379991074,0.9027773095992705,0.7558437875105668,1
train-003284,0.5733396035634214,0.09276571161878248,0.8714683841566183,0.7938975179541394,1
train-000268,0.5568183355392731,0.3626986540326185,0.7467661769233676,0.854418042158363,1
train-003888,0.21319369236531654,0.21347651214220545,0.7107430413664232,0.46238859095062135,0
train-005221,0.4753815253175798,0.24354775616453983,0.8239977319397298,0.5302825683852191,1
train-000630,0.4399100634965776,0.02532131598447416,0.9389178972632823,0.7441563739016058,0
train-000847,0.34056378232724915,0.3308655843983325,0.7090387280948801,0.6286974075935063,0
train-002540,0.47108135206748475,0.06833132204479468,0.8033971561070261,0.8379798145482722,1
train-001747,0.5723949148826437,0.05138191383137677,0.9195323232055977,0.5603980897823853,1
train-002743,0.6501826331711807,0.39179919162639426,0.8034961951733727,0.5097707004764332,0
train-002308,0.33542673856839256,0.10056512472356972,0.6906507059232859,0.540339449950254,0
train-002632,0.37081665895595833,0.4737106523841196,0.9066465120334753,0.9158389013498167,1
train-004305,0.2684691878335262,0.30034690266529296,0.7388353447527257,0.759176998742451,1
train-001799,0.32207826694500113,0.2727119391515484,0.3607742997522178,0.7209642351276232,1
train-001676,0.6281497474929761,0.5445025691318313,0.8994352218382772,0.5115081048483234,0
train-005130,0.48859932267327294,0.5106266213740658,0.9819510746929053,0.6254268136909349,0
train-003153,0.8996009113257796,0.128623782313231,0.5908573476138982,0.8006145284274058,1
train-000665,0.5477413370643847,0.16628111272664142,0.7638499733447244,0.8036001452730788,1
train-002206,0.4665978679192097,0.14055299766347815,0.9050781233129978,0.699762506738405,1
train-002342,0.5222267617611849,0.3064630451091522,0.5557566711363285,0.659991992144745,0
train-003065,0.6114918278959347,0.14894636345650386,0.9871850255335993,0.5609395312467975,1
train-001374,0.3012726504662284,0.13385818602716926,0.8847971525374961,0.35923069024704507,1
train-000269,0.6673989070716988,0.32089199892378945,0.8860699122478206,0.5517087539758249,0
train-002619,0.5024405264334852,0.6237539453136827,0.6495783656133126,0.6151699089219625,1
train-001068,0.17292092574511936,0.07796953663170063,0.9197663976392607,0.6484059369377906,0
train-005982,0.48589436495812505,0.08552012707888644,0.9390511575649327,0.8947355141495715,1
train-001922,0.3149970640444929,0.16076167224770824,0.9094042171081739,0.7202328261343189,1
train-004472,0.1954123992624475,0.08847937031921047,0.9170139202051184,0.9401061753868541,1
train-003937,0.634155973050269,0.06600355982261616,0.8409973716765945,0.845908571282426,1
train-003335,0.45801747372514795,0.4561835680258897,0.8474735948398001,0.9553296627124973,0
train-003536,0.6149916442086237,0.38840991136197567,0.763019541713368,0.9704772572493747,1
train-001385,0.47439169584094687,0.13729229173912172,0.8703281524632075,0.7240689814281996,1
train-004125,0.4766229488743839,0.19971942553847952,0.7412248671261026,0.8082550364685124,1
train-002470,0.5907952604159491,0.1027666226172211,0.9214062612469084,0.8766082086673289,1
train-004361,0.6124294258642461,0.11888970963811579,0.815897992415946,0.7620569604434057,1
train-002808,0.4257563267628495,0.19836867813384215,0.7655756608520188,0.5478659439761435,1
train-003774,0.4783775724998382,0.20679051764793094,0.9687950407087834,0.8949499523151462,1
train-000646,0.5395631517248053,0.2222827974912679,0.6876859135751188,0.9103094228047923,1
train-004494,0.5782252697483719,0.1489884863222531,0.9433829502831721,0.6161677114236122,1
train-005114,0.37465626408192504,0.14320795147364138,0.7679092515077985,0.6697609134462597,1
train-003658,0.443108393377513,0.10155487578747047,0.8626668843419589,0.6124592738154914,1
train-002176,0.45467489275529416,0.1062950610995962,0.8086459749003184,0.4529740969457847,1
train-001822,0.45494051146237613,0.12056898136959826,0.599378828081292,0.7734031500898016,1
train-003457,0.3899461560657914,0.15285157731231616,0.8510642997858827,0.7017990160787356,1
train-004138,0.6233439283212855,0.11476203003274944,0.7637759839303205,0.8613977168605345,1
train-000090,0.4958263713704415,0.212757717000531,0.9608533178948598,0.8692292492949739,1
train-001779,0.42695919362983076,0.20399555483310358,0.7355029972989291,0.5470412995061047,0
train-002341,0.2811858208174535,0.28768322188309253,0.798900934503924,0.46168774831287274,0
train-004128,0.5478775382039344,0.27797329585363684,0.7998108920947048,0.34430976410538866,0
train-000219,0.398328952539759,0.2935930905550403,0.7344605403146333,0.9296060571939884,1
train-004350,0.351016601233043,0.10928042687402573,0.9111392051965701,0.9326454039624853,1
train-000377,0.4256141557884379,0.03390611758411864,0.48719996446127894,0.9426818430614466,1
train-004278,0.20957448958657454,0.0664698347583602,0.7846022308432234,0.49341734342406385,0
train-005858,0.8416037835182203,0.15997795221220804,0.8498194750591427,0.8840065755421151,0
train-001384,0.5699785690448131,0.22737290434679622,0.8384930228939548,0.7680950563176466,0
train-004221,0.28737551425028635,0.1621523778702043,0.788901917201429,0.9359040924419921,0
train-003748,0.719195003245938,0.22896462644001325,0.8847724060349698,0.5723734478360977,1
train-003001,0.4405103434074646,0.35115457862184446,0.901040941088831,0.7247246762046549,0
train-001603,0.5813146488826358,0.30232070154289914,0.8510352520848926,0.6543151852808196,0
train-001539,0.38291014412305147,0.2273731395653143,0.8270218165323892,0.6468348587472493,0
train-002956,0.7033053354235007,0.17245064377668812,0.6126132132544808,0.8869467190356836,0
train-004585,0.43512529306059944,0.20226823607502079,0.9433460447673647,0.7073201881779453,1
train-004791,0.3715438881061728,0.28331783909358815,0.9679478246006452,0.6601223805332482,0
train-000408,0.7053904366565299,0.13580898406250094,0.4653497343168993,0.6314211314660728,1
train-005476,0.5864979041520059,0.1694924011507677,0.8501322665356106,0.3207765818201551,0
train-001475,0.460287672706152,0.31494808306556166,0.9003850693197742,0.4895003478779198,1
train-004688,0.3248333970949805,0.22710100958193394,0.9624272668705743,0.6701981895217234,1
train-001901,0.4686731780889184,0.4853222460723281,0.9350965817168368,0.7651666727447923,1
train-001123,0.6171787325696396,0.24608344934942789,0.9319541105182275,0.6726675344424797,0
train-003646,0.21374981605367457,0.13201301453261619,0.9886160684925344,0.7549036554199691,1
train-000388,0.6302488108357129,0.263927747715211,0.690396793843474,0.7900227334287984,0
train-003510,0.4147125345104952,0.05493846292828413,0.8122108351019096,0.6722757621681678,0
train-004462,0.3627360990947246,0.08579854006425296,0.8043062380774022,0.6986319041137756,0
train-003156,0.5837902963516314,0.5515371650342001,0.7164553824446568,0.4958193641941679,0
train-004490,0.548638724461491,0.2678554751773727,0.798711658595406,0.6224513462489216,1
train-001413,0.6678268925257539,0.06854205181894331,0.6809348618784579,0.8767333880927692,1
train-002151,0.5995059178383495,0.04828239057752542,0.7541528908509691,0.8828616398467475,1
train-003983,0.7009766656746955,0.0835163018938285,0.902822153565634,0.7138149520767066,0
train-003604,0.3152516746649402,0.3762300672556966,0.8955071596755524,0.2914319602530839,0
train-001767,0.7079654776271159,0.12735528809125787,0.9403388837313729,0.8400993766117841,1
train-000155,0.414490101092197,0.06880982905531088,0.9007061743656732,0.5397993163716543,1
train-002095,0.654829142294484,0.010669573674451888,0.716488974698294,0.7472638984027827,0
train-001158,0.6801203377048934,0.3189501057846961,0.9411444681586486,0.716880846315632,1
train-002991,0.5013878569446308,0.09233299301142464,0.858547233074064,0.31830354314471493,0
train-004631,0.39819642532469696,0.24361908695948523,0.7537668998899676,0.5012975025759906,0
train-001189,0.2760045636091711,0.1564771615822383,0.8156696981050434,0.6383073612297328,0
train-003815,0.2331449744682588,0.04749562151594815,0.6437850091505762,0.8801366916092415,1
train-005002,0.5719222262276855,0.16826582770581777,0.9495602580571442,0.8722313999737378,0
train-003033,0.376136019814983,0.05095287528571155,0.9006320176038828,0.667501684984532,1
train-003788,0.3786538913524158,0.03662582966743632,0.8248781962051023,0.5952901289526822,0
train-005964,0.509346467398552,0.082464173603157,0.9112588331867187,0.8896043973569806,1
train-002898,0.7321491224426481,0.1514547062814758,0.6847216458846176,0.6152336813531388,1
train-005958,0.43271037979045834,0.3509562639736331,0.7849390415623058,0.6876661085672634,1
train-001554,0.5817872423552565,0.07739601546496337,0.9282663131669009,0.8057072980167487,0
train-003747,0.2860138021437601,0.032610075095810646,0.933356280678006,0.9374549471455355,1
train-004012,0.3775294567230946,0.210565988018387,0.8238581517022544,0.7379521865201619,1
train-003577,0.6800325357430368,0.2069102374442598,0.5923395662605976,0.6989585173600973,0
train-004818,0.49005595724655554,0.331628253193423,0.6656988020853145,0.6432221042678835,0
train-001970,0.5623743158743372,0.2755655538755082,0.8997305589164284,0.8381972260187351,1
train-002514,0.6416277584436141,0.22116003978789817,0.9864113591048989,0.8733050715085723,1
train-003893,0.25034831686302056,0.24621714345644152,0.9118231364497847,0.5891525517392588,0
train-005759,0.7324144989077815,0.18654840894011127,0.728746217620473,0.6532106279919606,0
train-005608,0.6175240941797352,0.3384393352825964,0.8775932228664544,0.86854522029546,0
train-000691,0.7755223833583063,0.45382710739145316,0.8752710008455781,0.478521423841875,1
train-005673,0.5756051080078695,0.09970262465071988,0.9442748497769831,0.8164814937689825,1
train-001772,0.48169172731999904,0.19701233347109293,0.8911008144292433,0.8774333428483017,1
train-002716,0.500734663906986,0.21975243597828922,0.9112378831852976,0.8024192431162372,1
train-005478,0.6146434928470889,0.25169050476924737,0.814239227736818,0.5068497540010427,0
train-000274,0.6405074924555411,0.22888167220969582,0.8561039388783999,0.6636650420336803,1
train-005473,0.4892462852177169,0.3137893326816885,0.8097752876189196,0.8253185526565272,1
train-001216,0.1642671292752603,0.08851683034271325,0.9791454008973869,0.5524568785868191,1
train-000601,0.6359200951772292,0.24239339700224627,0.7830586115531158,0.7645480974693795,1
train-004356,0.45174635953208037,0.010744565587523423,0.9142950188094366,0.8017188621693558,0
train-002232,0.4796736616147147,0.18871781658197972,0.8479539440451525,0.800751800569111,1
train-005102,0.42191890374943425,0.17122370968459244,0.8215880292912527,0.612746400984603,1
train-003971,0.3886435575496466,0.23421621304020046,0.8804414109129491,0.7547634274107858,1
train-002096,0.3334081624873813,0.1419168487382775,0.8740458161327723,0.3762524842094098,1
train-002332,0.3727285148353958,0.15554960768147508,0.8317608625804274,0.7125061385795426,0
train-002042,0.5946064232382668,0.08019546467856635,0.8261882407535609,0.4919953842864982,0
train-003447,0.30432181582447104,0.11686914413841315,0.5595751372748468,0.5198753318609262,0
train-005994,0.7005046249594951,0.46996553724979856,0.7752401361797702,0.9848176887116904,0
train-002846,0.5187753067536821,0.044483739730214654,0.866174862605032,0.5818120731915508,1
train-005198,0.5116668184941541,0.14602869781394914,0.4326509245569623,0.5839044434222436,0
train-002406,0.301711416926988,0.3158122308075167,0.901714267727127,0.6569314488586117,0
train-001537,0.39004403617039324,0.4236010762216196,0.7644632879509431,0.8154749606035655,0
train-000416,0.7288198391833123,0.31024506182839995,0.7669602461824867,0.7768504334641609,0
train-002246,0.3621705227413816,0.29451315412850165,0.8966773291833435,0.8670712335858656,1
train-004439,0.44584176568867084,0.08154662842666129,0.9637880243231062,0.38972323270988996,1
train-003586,0.5968842276771291,0.045308012652569646,0.8079649403575718,0.8417230805812173,1
train-003663,0.5972322249970025,0.10461590383994664,0.9202617923511465,0.9402707824985691,1
train-001541,0.5160178278812986,0.15554540887895563,0.5610256047934601,0.6099718803694619,1
train-002814,0.36905156456174887,0.28843371057687034,0.7506738255311778,0.8780903356028297,1
train-001220,0.7172059156700594,0.10576332825132559,0.9295459303512523,0.6295831999433442,1
train-002932,0.73698663040041,0.19001067718502831,0.884407107726818,0.6649316480576616,1
train-003843,0.46029584807004215,0.1581962561843469,0.859163158599658,0.5507865274465309,1
train-001830,0.44470865821370437,0.07612475082214172,0.7943463793690115,0.5468498886136393,0
train-001943,0.43015031008591353,0.037601227999094884,0.7233364644640446,0.758149646764981,0
train-005066,0.5248330780454571,0.14213358142216448,0.8717088848885948,0.3807079400861743,1
train-002401,0.5310752144044876,0.014778124102028943,0.8289905126302098,0.5015242123117176,0
train-000909,0.4101373963639374,0.09402656891794595,0.4943715133999267,0.815616342864625,1
train-002130,0.36407485749494506,0.2982189301016946,0.9646804112552267,0.9311987052965107,0
train-004785,0.3749720651296392,0.16757481365868332,0.7608799090809126,0.6736918984757052,0
train-004486,0.304792086674366,0.23631721611573125,0.7925520857396294,0.5777798352253394,0
train-005528,0.45207729780503003,0.03619466159696273,0.7639712495168988,0.723018681949555,0
train-000252,0.5218606246931258,0.2729115134933576,0.875179362497981,0.6210190644949493,0
train-000495,0.5591759944495603,0.2242140229307517,0.8405003997996169,0.6842876240184306,0
train-005885,0.1989374877865705,0.14007265790961543,0.8928331776952997,0.7143019550787452,0
train-005182,0.37121347862097775,0.18672790303951306,0.9153390856431884,0.58033581723436,0
train-004358,0.4862391532068429,0.05129058129968468,0.8464939009934569,0.8079914985901325,1
train-002335,0.674069302422117,0.052371479287292244,0.6164875202222043,0.35624396524321617,1
train-003796,0.39246438525162186,0.12360239903857048,0.7513235734134329,0.6074925405922745,1
train-000441,0.6024965604431309,0.0789824193722185,0.6645778664859292,0.7479410692495548,1
train-003557,0.5218694566950716,0.194017616517604,0.9623578985398867,0.6965554429801563,0
train-002327,0.4976495712960812,0.2692667208022477,0.9004280580482705,0.9195786624672811,1
train-004578,0.2747853366819645,0.13486186422228227,0.5881452319651405,0.7478746632643164,1
train-002797,0.4214129432384195,0.15167063038076434,0.7655051336468432,0.7713555796830598,1
train-002410,0.23022724958746082,0.030071067566764777,0.897575451370719,0.8338421202961966,1
train-000596,0.2477485327770399,0.12819806179180554,0.710499769159696,0.658699009848866,1
train-005004,0.49041841752237636,0.2374851238710756,0.7722894836332578,0.7860085941582374,1
train-005450,0.4076490513573537,0.07889003196443084,0.8232606961236926,0.883925578064834,0
train-001635,0.5854738952773634,0.024430963758240568,0.9400151722128128,0.9286444837737802,1
train-003181,0.3021723260061311,0.16040434583669655,0.8382878688354594,0.8337351798356956,0
train-005723,0.395273740937262,0.0814625201584197,0.7490694819847885,0.46971098382902726,0
train-002850,0.47527580220150706,0.030514275825563045,0.9066218226691328,0.48015426008778667,0
train-001976,0.5159961761977556,0.5712854196753092,0.9202896778903157,0.7408411257576111,1
train-002325,0.6695480007188305,0.3213908594992219,0.8933707604630838,0.754266426211508,0
train-005479,0.2757969976338059,0.19817972080166593,0.976515007894439,0.8951386817152328,1
train-004883,0.49311586019624665,0.10433619558815066,0.8946885411719959,0.7327687143097042,1
train-005308,0.5388953461914779,0.21619162392145494,0.8352279191488791,0.8259500150462749,1
train-003735,0.5104249468428119,0.2255784019232431,0.7905978931393446,0.8584279356509302,1
train-005481,0.712817022678683,0.021401937617559062,0.7639266894011421,0.6837894270988306,1
train-002108,0.5565438202492216,0.17398835682682467,0.8132535958062362,0.6833229842386731,0
train-004901,0.38081866400545045,0.32622164459189984,0.8521957388910637,0.7053184542197257,0
train-002696,0.5689621124294669,0.16107468017513085,0.6994193682746302,0.7959467711442081,1
train-005482,0.5365108426018896,0.3321358469464277,0.823960409462463,0.6407256817503018,1
train-001241,0.45239627018444384,0.19902782079789744,0.8972117629602957,0.8712469134971006,0
train-004542,0.7281466894549392,0.13880417770237552,0.9379657395539478,0.40853217074119647,1
train-000795,0.2626351620397268,0.21918493442176182,0.8563572019222261,0.7482236168926196,1
train-002644,0.3943234490190635,0.25309915637621905,0.9251914268602056,0.5515974294300545,0
train-003946,0.46898218445596995,0.126891968139206,0.5637834040877849,0.6368226380505837,0
train-001583,0.4431378658708661,0.3244315398050936,0.9479588704238331,0.550461389049702,0
train-001451,0.6309710257719079,0.08735307712608845,0.8072477832166781,0.6611469577358563,0
train-001757,0.39237587612852515,0.0990045455894833,0.6708024416622017,0.3855090954190167,0
train-000589,0.337471557529087,0.17927986982663785,0.85104050337562,0.6263693365826186,0
train-002471,0.478179390371269,0.3058745820456952,0.792922663805223,0.8113887816055095,0
train-001525,0.4903336769169349,0.12205603389838879,0.8862742800207851,0.4605058785783978,1
train-000217,0.36071249992970084,0.020965784505573033,0.9277292535096723,0.8650686339386408,1
train-003370,0.24064981426509838,0.2200656476105833,0.8308587065968883,0.7532801061938593,0
train-005109,0.519167031894339,0.2671623518188826,0.9645843450199114,0.911110361152266,1
train-001055,0.6337904354249025,0.08745904898789873,0.9801221140100317,0.7988000731660817,1
train-002221,0.6806414434246498,0.1302781192890396,0.5818758481844191,0.8325362437640552,1
train-002970,0.33924348877987875,0.3602241191338002,0.5836314807413161,0.5728050055923347,0
train-004467,0.5497008718969499,0.11392266816658098,0.7055719359432994,0.8455999701482463,1
train-003071,0.6258411755367137,0.43824393704963865,0.8374444603017309,0.6718453712176644,1
train-005948,0.40149887587968136,0.18342023112722522,0.880694364036084,0.9093841568089911,1
train-005093,0.4169419168951153,0.21097909528783854,0.8082780818639387,0.9302660885754039,0
train-002703,0.38818973140830787,0.16202159551568152,0.9829666395552088,0.6094730013106211,1
train-001128,0.6216753453739547,0.047476852587247896,0.9358685903995998,0.8341186356802912,1
train-005891,0.8201131343744329,0.22039014133010887,0.7103864844664708,0.7706894896632435,0
train-003188,0.7355067596419782,0.3345120993249226,0.9042767201987143,0.5589114626954222,0
train-004245,0.5758303591581568,0.16838919783161144,0.8598845157731874,0.49309764803748857,1
train-005873,0.3300943981613376,0.05865376182667937,0.9246123800722743,0.529071623254687,1
train-001710,0.5317164074729664,0.04169073630594968,0.84703595040796,0.7785914688170282,1
train-005172,0.3999092293212878,0.1345766408805167,0.8250176274623487,0.7167801033876033,1
train-005201,0.5870055735386924,0.10119198224648278,0.8132559408075782,0.33448261459777556,1
train-004570,0.536752441688317,0.3685110965223961,0.9654745587039263,0.9303091192072842,1
train-005623,0.3389112122958385,0.043173674591630046,0.8502011724046762,0.7304144233501102,1
train-001192,0.5098513940955381,0.3296224606255899,0.8425179146374562,0.7916416627621223,0
train-005163,0.7746511261503409,0.30359292664144594,0.9510309618724464,0.3195263659252329,0
train-000230,0.35054554859626413,0.024246999483747346,0.5787526262903399,0.6173746987911239,1
train-001434,0.6824706682441676,0.24716772095667938,0.9527858073022356,0.6888334123529447,0
train-004750,0.4898221410123692,0.10292528744919816,0.8255450025495662,0.6917503076840643,1
train-000200,0.35555543705643516,0.22172630986438818,0.8958278490346938,0.5754313126315803,1
train-000101,0.5690000942891194,0.09698230638370059,0.7393663740173172,0.4692999195228407,1
train-000720,0.266060009842719,0.4018498622260593,0.8525349853014796,0.8520887551178686,1
train-002001,0.6113441563136288,0.13427450622773388,0.902121321096018,0.8441066867535298,1
train-003247,0.47407185026044657,0.2256276587610459,0.8459082018682258,0.9040062383199067,0
train-001512,0.5060004998066397,0.13940950244376976,0.8914347100247983,0.9424958104146128,0
train-005316,0.4473726418001374,0.33521791922049,0.9234603254095032,0.9113653810985558,1
train-004977,0.37938020545476825,0.20694855075168928,0.9146058180618752,0.8411111390613906,1
train-004827,0.47843665893737625,0.06580160706708514,0.7181596548871014,0.7662532310826192,1
train-003110,0.33196157800879106,0.14445130547296284,0.8128004806456741,0.8118401327387508,1
train-004329,0.33669548400365107,0.20921158854444,0.8783008513870786,0.7501619402743869,1
train-004456,0.6464916617094031,0.18428296253081736,0.7398094145680266,0.6570028276921698,1
train-000682,0.564325975085467,0.017970084008455685,0.8544473648066105,0.9009061117579925,1
train-000433,0.43219276461790684,0.3042154046544156,0.8834838377488269,0.4032940120369171,1
train-004029,0.6080483325353031,0.08039560960156233,0.8329714651553952,0.5811033263479821,1
train-000159,0.23306479743402278,0.2159761002956564,0.9127079489384262,0.8397433769373432,1
train-003007,0.71934803626945,0.2915351284513112,0.43687911075978136,0.8528309820880556,1
train-004886,0.7135100758965709,0.25969112916054743,0.8855493544536859,0.5914467794646355,1
train-002463,0.47796126500633934,0.034323851616843044,0.7561815933499936,0.9211842803232648,1
train-003580,0.27870575748934806,0.04317931221158535,0.9931524741146699,0.6076221684513767,1
train-005504,0.5878853802570438,0.17480087532173247,0.8286566820903685,0.6998437709324166,1
train-004004,0.10851526865011796,0.22862473794358315,0.9063277290359186,0.8821193477185544,1
train-005620,0.6023223794157163,0.028218742637643797,0.6644986955543799,0.7575771043048629,1
train-004956,0.7155650078185566,0.1385122028584046,0.9669600932664206,0.7874178654743745,0
train-002217,0.6297629023608212,0.03510741243010323,0.8351318814858669,0.7127660064395217,1
train-004564,0.5820337863507947,0.22958176321164106,0.8389650860866584,0.5962700386666254,1
train-005793,0.6328134707533869,0.33407874114982516,0.9621837645680122,0.48397747793023327,1
train-002207,0.14002593387661555,0.14447477539725542,0.9490420189313364,0.5453203404809255,0
train-005732,0.40398240059987706,0.07846477747036086,0.8974906889367436,0.7356883699518606,1
train-003182,0.594703601704373,0.044042060875292985,0.6474123854522651,0.5759590006215155,0
train-004800,0.5770170136663929,0.12378427400965837,0.8210765730027878,0.36086616148625933,0
train-001458,0.4609443101610121,0.4085225262179376,0.9717701416820362,0.8288297624054798,0
train-004759,0.1933985646686224,0.22520940729595507,0.7767732478133526,0.9116691746922294,1
train-005258,0.5304082548734005,0.07725671004151788,0.7072668706805703,0.6576944680264245,1
train-000324,0.40855971428480053,0.15836212139604378,0.8783948469341477,0.7081767925163294,1
train-003428,0.5563319758165021,0.10015752591872994,0.7789135481528646,0.8992455268733078,1
train-001036,0.6658579856799897,0.11072412414594929,0.5371517665548354,0.9037277293472081,0
train-005760,0.4726426883540581,0.09214649108942735,0.9041663188400714,0.386651297205565,0
train-005339,0.6468396365167034,0.17585020845676907,0.7827239620094785,0.8360388480956149,1
train-000353,0.3676842600740658,0.3984391104110185,0.8628302130337698,0.6148341787146525,1
train-004647,0.1482744859253142,0.1726540412349842,0.7440322300838894,0.8347518545741434,0
train-004043,0.3384450201365769,0.02908760821601056,0.8964338754514592,0.7558469390146384,0
train-001321,0.5313705876763173,0.06254053612174473,0.9500836248955093,0.7874034757075323,1
train-005178,0.5012502905793981,0.19528915837258778,0.9781087589778598,0.7193381649551354,1
train-003384,0.3608441239150625,0.27162502021854024,0.8803768877503804,0.8546106833330951,0
train-002489,0.7451603280773029,0.22076342113899078,0.8942720019298218,0.8158411546989826,1
train-002419,0.5614494221543483,0.24452002365676284,0.9403015114992522,0.5390360331513476,0
train-003218,0.7203368185287173,0.3054251116464338,0.7735773559137112,0.5164302089933318,0
train-004634,0.35153275599410266,0.05520507361740894,0.9277970234325877,0.9275460513853733,1
train-003726,0.31198354117495286,0.12354918901678041,0.8358347365711323,0.623619303285586,1
train-005969,0.39285348892641775,0.39472769235692345,0.7728267514788248,0.9016520742545361,1
train-001517,0.8250734472962271,0.14037261118310215,0.5345523806393363,0.7428439011815706,1
train-002168,0.6108644237284133,0.14387369512850998,0.8797772293547874,0.8257566828130865,0
train-005488,0.578922092594254,0.21455216634574653,0.7300797192921562,0.5333233389225585,0
train-004281,0.44373729282744245,0.19760399565377385,0.8233659957302737,0.7885945365616824,1
train-000030,0.4345089939442473,0.10363225793922629,0.9307849056125578,0.750971539525534,0
train-002180,0.7287541888528845,0.32897768069659455,0.852985851481968,0.6818098684839855,0
train-002231,0.41067354209720464,0.2952118315371513,0.8843635630843961,0.7252983936503427,1
train-002615,0.7030842966453196,0.17735431440779398,0.6792282993451941,0.8505793026051568,0
train-003594,0.2635656611972692,0.3579678766033809,0.5367175693673601,0.7619340234586057,0
train-000666,0.6328047670445532,0.32736788627070806,0.7887932991195536,0.7257199030524858,1
train-001333,0.44933409423658444,0.22953331536392646,0.5954077962170301,0.6324118161389753,0
train-000299,0.5573761601749466,0.3313612158884976,0.7382044937306963,0.4416391932710802,1
train-004283,0.5454648312715324,0.08799285793106063,0.8924990919901854,0.6508588228962853,0
train-005006,0.6788494634772093,0.11433489352144008,0.9123259376730981,0.8358293016393289,1
train-005657,0.7883832812068866,0.2396433135245685,0.9224359898313461,0.5726820176881873,1
train-004473,0.24521171551229004,0.19341221573705952,0.7070360980877256,0.35416454175440537,0
train-001495,0.4792522918217854,0.12468722705107181,0.8947046273778314,0.7865697141677298,1
train-003225,0.845624745548104,0.17154820897859915,0.5714160124523152,0.442753825193742,0
train-003654,0.34543772491837815,0.19094059403341068,0.9832089304103965,0.4342580684627061,0
train-001999,0.4350933445897939,0.2218312464038362,0.8273851606090327,0.752474773849022,1
train-000212,0.49392323390568577,0.21001246811382168,0.8222392632770679,0.8591968700552075,1
train-003614,0.9282236123442851,0.46785030438285263,0.9320654834549859,0.8609399355372835,0
train-002939,0.4922454109678114,0.20369895492750348,0.7848081028420669,0.5795623960061063,1
train-001821,0.6065743039788094,0.3448390654688211,0.7225908508730903,0.6068707449382434,1
train-000674,0.41432599439377,0.04157679906498036,0.8131223809365263,0.39813261890513013,1
train-000709,0.7156847120093279,0.0738268142355251,0.7595259341460244,0.9351277012007378,0
train-002057,0.5041600536635944,0.08825276797339353,0.9645119500698675,0.9013864057223953,1
train-000113,0.49530794440224507,0.31004788647188497,0.8454201511545835,0.7440339833863224,1
train-002847,0.294710583127402,0.286555483444162,0.9845640180621495,0.8007904659887016,0
train-003234,0.5072942908856919,0.21284989113187103,0.9124174972492615,0.7236485404773996,0
train-000241,0.47095152678180413,0.1153357329913303,0.8867974914023097,0.6034771528899571,1
train-002714,0.4397951075041907,0.38033335680361396,0.6857000688870394,0.7310611884839011,1
train-000496,0.6199731960408319,0.2047430239423155,0.8529130472562818,0.7692179364325749,1
train-003867,0.641013797519976,0.05201659134698902,0.904249150174319,0.7604431757823905,0
train-005059,0.43631736262123755,0.2518756667089451,0.6466482287163822,0.5569477881218338,1
train-002317,0.4801149812729599,0.1317228468406694,0.7512283121793033,0.5768921690209553,1
train-005311,0.6909984331185396,0.2506433802823324,0.9255967165435841,0.8314443330109533,0
train-002486,0.2882028112859194,0.4731704436493123,0.8341598753915278,0.7509749280483262,0
train-002427,0.40729605202756825,0.10572449299118014,0.9157692671030475,0.9031483074571984,1
train-005168,0.290263539722085,0.09780244663216892,0.7000777463518434,0.6709919799500834,0
train-003101,0.34675384625964994,0.24945543387419994,0.8980593401505149,0.481513415133369,0
train-001927,0.6936347773889696,0.3235180616637547,0.9047037383978271,0.556603756903524,0
train-000619,0.6627888358296251,0.1265509970714664,0.8259538945529793,0.8287277796947488,0
train-001951,0.3254905262823795,0.31004832789031206,0.7868654647194148,0.602704476112738,1
train-003752,0.20141139788735837,0.32209192102679546,0.9566823781357257,0.5570908772367233,0
train-000425,0.32029065225681974,0.03010564727719911,0.8293904933747592,0.554443402287383,1
train-001305,0.49371941698217997,0.217177286182871,0.6810696003203215,0.695569553029841,1
train-001651,0.27578086589555495,0.15014620616720967,0.8862568345364722,0.2982731326704755,1
train-002485,0.4062963879185948,0.34349600775054473,0.7670537418685848,0.6794832455257305,0
train-004834,0.7388852766951344,0.263024891986014,0.8152572335943243,0.927517495836595,1
train-003440,0.30496115621331044,0.19493428218468403,0.9387495797372832,0.8621126868312426,1
train-002550,0.5783255278128715,0.1424884223319798,0.8303864879365638,0.888446822358492,1
train-004995,0.5577312234600031,0.03550274960327707,0.9101474880560222,0.40279829142272977,1
train-001958,0.45891048492503345,0.24200095161847088,0.7090792773756971,0.7072607217945127,1
train-002531,0.5412005089345772,0.12211859121048053,0.7368677125187008,0.5035347504305915,1
train-000622,0.3707269968998128,0.13537186198166276,0.8708868277225663,0.937815436266482,1
train-003432,0.2015127090380122,0.14815547838869192,0.7534919638822419,0.3462777226760559,0
train-005602,0.5362105122254219,0.26264115936530097,0.9376372111035877,0.7321428939940372,1
train-001432,0.5442602917458115,0.3710687587388797,0.6765897342449233,0.6602041569796369,0
train-005224,0.23468516333326,0.3854123435061812,0.7136899898194438,0.8725975018112876,0
train-005283,0.34835828793883844,0.17425667481373316,0.8151445764436283,0.5360854827254169,0
train-001506,0.3575018357387671,0.288899151697393,0.4401851998637293,0.5476788225407363,0
train-003405,0.7189156184693142,0.18640121817548838,0.7434748151215168,0.627584941039209,0
train-001155,0.5568125260557214,0.46697927288925695,0.6255554103537758,0.5042044524016399,0
train-004262,0.4354531746005959,0.1803441645813104,0.843449563028232,0.9762026804844807,1
train-001117,0.4258340190207347,0.10083012795830969,0.8749889028614825,0.8673148987504692,1
train-002813,0.33781375100575767,0.0863428347021976,0.9519373024827934,0.9584498218213535,1
train-000061,0.14167728561423742,0.06627245369590133,0.7587256270471907,0.867687252440309,1
train-000380,0.7939688263446906,0.1982399181316742,0.4515427900530155,0.8624425139448487,0
train-002339,0.589425069082473,0.16013455222950287,0.8700539622675619,0.8337738701729719,1
train-005349,0.3788024695030333,0.26394626825964124,0.8845225722213328,0.6433087165503298,0
train-002276,0.39110064850180754,0.2143999387050801,0.9431922387319368,0.660445677167471,0
train-002421,0.3784817237358619,0.28675809793309887,0.7662186180795025,0.9272196884945206,0
train-004907,0.36555680357011533,0.4283758981534318,0.8431711705294296,0.9243724070290933,0
train-005819,0.5044022987854824,0.0843046962103786,0.9229008597150196,0.3463847865430876,0
train-005413,0.42013394511116126,0.11363757621801705,0.7176783287133744,0.45102468603150314,1
train-003431,0.47775866756725,0.3670932189238084,0.853761266888169,0.8009594475278743,1
train-005451,0.4298104558382674,0.13586794943475441,0.8081116653028989,0.8273112655126542,1
train-005707,0.6181305853577942,0.1487933728495353,0.8454364408000364,0.8429772533225223,1
train-000521,0.19840496738262597,0.35280814685481937,0.9251358165250998,0.6095627578549295,0
train-004912,0.24061949251068768,0.43920201358983757,0.7749219135588019,0.4961520816567059,0
train-001239,0.5798406377539819,0.08766394507083855,0.7338559994251876,0.9421096466574571,1
train-002282,0.5135609179159059,0.36856628990359286,0.8994041439207613,0.5882126961428189,1
train-004781,0.740435807574643,0.03946880824286283,0.9553179874625013,0.5937592610248628,0
train-001470,0.5405383369387885,0.060839765901683954,0.7327357470430482,0.7636475131833473,0
train-002379,0.6480746868574524,0.04175440970901411,0.838187378765257,0.8661386399438658,1
train-002274,0.450318495603101,0.24770566691194013,0.9133287698430624,0.8459067248370894,0
train-001059,0.8268157221956549,0.12156202354350108,0.9003460855542392,0.6223422838261605,0
train-004571,0.5385118830410435,0.041891629507862814,0.8810125054504447,0.9346154826444324,1
train-002623,0.5801483983699909,0.25844746181035344,0.7926870118641465,0.8040371208883681,0
train-004816,0.5835366855219812,0.0034814892611732683,0.8475316006788043,0.8575148285422525,1
train-004240,0.6645957798786667,0.2452359675698602,0.8785779642968233,0.7011877138406701,1
train-000819,0.43780165501163076,0.24063471303867712,0.8810485672359984,0.6357376976003296,0
train-005196,0.7030691868058199,0.11639337512946547,0.8224290404401324,0.8524808916408709,0
train-002700,0.4061514860252564,0.2490233924666446,0.805608163358668,0.8046239517177545,1
train-000871,0.758685710831436,0.2022100779184443,0.8406687832097478,0.8933183707804924,0
train-000970,0.5335235488641795,0.047021573721568566,0.8791238341959676,0.9772356977974636,0
train-004113,0.43146945342361037,0.09678261268532141,0.7592797582170654,0.5419837402543665,1
train-004515,0.4161278407057783,0.21505407670399068,0.7160311893511857,0.9669286614093385,1
train-005526,0.47772454752370663,0.0695882121693572,0.9468655331979173,0.8885845134993948,1
train-001929,0.35304162114161824,0.17927233545706947,0.6775657554561771,0.7505750503747438,1
train-001242,0.5724370841303413,0.032140994655225116,0.7068629538958253,0.938291648868764,1
train-000860,0.8343577265455321,0.17816179590870418,0.9198183578009227,0.8193768934840016,1
train-001741,0.4188909469803218,0.026519932726314078,0.7901107404023476,0.7812598616589906,1
train-003353,0.4241684885231858,0.399162810246071,0.7849480433140194,0.6579839352354824,1
train-002070,0.5273350045653964,0.08897481458858472,0.8074586735214878,0.48902931151157164,1
train-002593,0.7154387076616321,0.07476726818990594,0.6307972301766716,0.49264750057276313,0
train-005588,0.2854374766146293,0.0818542634326079,0.640970099393885,0.4264829338371343,0
train-005782,0.5567631606738292,0.2431220662950953,0.7920954951478228,0.9133606637004693,1
train-000190,0.6262913037436113,0.07485440728978768,0.8538979202899597,0.7496534910526192,1
train-002611,0.7035282055980074,0.19491787097055346,0.8409743654184356,0.7232421428206705,0
train-003438,0.7504091458497008,0.018348714767001294,0.9367214441860199,0.7639159084796463,0
train-005682,0.6018518847358674,0.4062719454230817,0.7960102507881754,0.6873852785803053,1
train-005000,0.4845182513865567,0.09210943735153106,0.8452864652164549,0.9449524763877766,0
train-000434,0.6771525060823766,0.17497722431066018,0.8603098733594691,0.7697155676733888,1
train-002758,0.6034656170832311,0.42834314060694617,0.7553819484471295,0.5881919368885526,1
train-001892,0.27629284040577873,0.30248897438502936,0.7830656023724955,0.8560336780234858,1
train-004049,0.6719002595590355,0.08519495732763567,0.8244733753707999,0.6252027440899715,1
train-003409,0.7503944213647122,0.0751007479257621,0.6892008364661565,0.2604345742396985,0
train-000996,0.6066374966291843,0.44085960670289726,0.7521583841895563,0.6855813751101552,0
train-002278,0.7833022740668427,0.20283700283673084,0.9284758746117584,0.8130943950558923,1
train-003216,0.5039096183997592,0.13534719514767404,0.7543000945321577,0.5398462403578956,0
train-000432,0.6758275110987074,0.20502561879728615,0.6872808106917979,0.4732311173199851,1
train-000528,0.36128425753907084,0.1978348041537828,0.7434947251114493,0.5015614642418323,1
train-002228,0.6535993077364793,0.21063636741093497,0.8914228768632352,0.4678711662749044,1
train-005305,0.3330817051499123,0.07207996423062922,0.8869932918165201,0.6634162730152559,1
train-002279,0.5347414501518528,0.2550907445781635,0.6644604572623772,0.9670371884618973,1
train-002184,0.39427382594140475,0.2519748416924816,0.8416224642406394,0.6839322216843113,1
train-004164,0.5546244788269825,0.041713315299009485,0.782024140751749,0.4894975265960138,1
train-000205,0.44772359332932765,0.24223733662227037,0.7535993489074705,0.6370063084508949,1
train-005150,0.7282239766304508,0.2557537311052623,0.815096042572065,0.7733999196801373,1
train-002664,0.33556156780504603,0.021505778152506115,0.9006519335530032,0.7860215453268026,1
train-002541,0.5893736513606072,0.15717168130240164,0.8186105294751553,0.7118175813722849,0
train-001609,0.5596456868710991,0.1354339850661814,0.827121419884323,0.9025073748152053,1
train-000418,0.5422479223465628,0.5432096217599278,0.7916918257661145,0.7238387404283045,1
train-003745,0.7714725058927141,0.421912883100824,0.853402912771903,0.686453318770834,1
train-002395,0.6193983906284175,0.06485052766051486,0.4814142532124623,0.776107206263872,0
train-000214,0.824050081850095,0.20701801153377933,0.9176407187896946,0.8324776070057216,1
train-000714,0.6196117941597936,0.3498391758719959,0.7866748124890299,0.5714184462524634,0
train-002250,0.354234941314368,0.5280963469047282,0.8573575504983129,0.7861395334858686,0
train-004415,0.2199915418346622,0.3524706428685276,0.7289703375307477,0.5005620811933322,1
train-003477,0.47974723037191636,0.10811865907852247,0.7002176569022984,0.723147952941425,1
train-004829,0.5362390198152298,0.0555656642894063,0.8843912429699956,0.9004740805112335,1
train-002634,0.6021917773378762,0.08721342010204765,0.860938804703357,0.6281893131891442,1
train-000905,0.5888047776410532,0.2661067148422766,0.9613707757749503,0.899081539727599,0
train-005026,0.7545214173601512,0.15923600794665083,0.7200085917800084,0.6781510149720527,0
train-004953,0.428161427815455,0.4307289383185419,0.6367765567286157,0.692175913823119,0
train-000569,0.6719811711555957,0.14926591418063226,0.8338092016174685,0.8413826299182936,1
train-005996,0.7143044873042537,0.09355788146760893,0.9292154926068522,0.8604639203219265,1
train-001340,0.5092150900409134,0.17056110720988626,0.9151952775940402,0.6582188228427942,0
train-002972,0.7663693487458039,0.23790638701208985,0.7220768018486617,0.9232688225599054,1
train-005347,0.6967179196463839,0.25201683302711436,0.9351491709205898,0.7936339075647192,1
train-002517,0.6608107456863966,0.36386946546278065,0.8382350477145619,0.5347930466309868,1
train-003789,0.6500317931967478,0.20407015090337455,0.7438103137296808,0.5854422571292183,0
train-003732,0.38618209618392263,0.26828351962923797,0.8547660798061718,0.6905772101599328,0
train-001094,0.5829972777068648,0.19867763679071515,0.9072021317748954,0.5139137208388269,1
train-000439,0.49321066118896023,0.14493223415850034,0.7301057862943697,0.7592693108659418,1
train-005716,0.5271232377980549,0.10720095330212175,0.6921674601195289,0.6067662679812349,1
train-002915,0.49511094443119924,0.2827590006668121,0.7979649625056725,0.7263354426532874,1
train-004423,0.4687565248371699,0.21157541085098422,0.8326682482668829,0.6407393577148978,0
train-003990,0.3447494206138352,0.1570876799828312,0.910408190298529,0.7730879379798419,0
train-000581,0.8654947041518335,0.2991692679205237,0.8958216245788967,0.8196511426908947,1
train-002094,0.5013647213689832,0.1333846627511611,0.7624899354837914,0.9899871844304422,1
train-001796,0.5141215123737541,0.44760081964768506,0.9228415409230831,0.9199039155275043,0
train-004360,0.49113055993854837,0.3542807424086905,0.8846658821426636,0.5156527458413585,1
train-001424,0.3644181802074281,0.18345965799786948,0.6610932819558033,0.6997715290198404,0
train-003699,0.34501659491460485,0.0697773341809599,0.6947752704017212,0.8417473766422374,1
train-003233,0.6942067821970799,0.1024447313643335,0.9503175878778144,0.7137129199574078,1
train-003700,0.27856880992536664,0.3773137817596525,0.9655591905480732,0.28232447266149313,0
train-005369,0.31216482737924167,0.05632637635570519,0.9069120206180968,0.9392581218529489,1
train-000319,0.5072295872079092,0.03961659512315364,0.8147484253442243,0.5922175453747273,1
train-004394,0.7209398615131394,0.21410009478581452,0.7265087773894061,0.6698038487989982,1
train-002688,0.2700175730521488,0.15572987348951822,0.7756654520620511,0.46446927804425336,1
train-000064,0.42298286017989417,0.24907366948124857,0.7727847848224128,0.9009816231343535,0
train-003860,0.30812563932633097,0.2884565989967594,0.9657260113677114,0.6276281265937982,0
train-000041,0.6168793176493564,0.0384094010552746,0.8323511006801931,0.647188676971508,1
train-002545,0.5562584126391044,0.13922082282783274,0.8689958928700003,0.7106554475903488,1
train-001012,0.7713223934659496,0.2141236656328927,0.8252213460583331,0.5078728388036774,0
train-005069,0.24346407394994107,0.10107112720349454,0.7266167250591016,0.5553531520470693,1
train-000629,0.5104258837971947,0.2058437193695958,0.8809853937589854,0.525107786644112,0
train-005003,0.5164222180359651,0.329660274020386,0.8096661574629338,0.761430744247314,0
train-000488,0.22085911177437995,0.24977458443197606,0.9450633964609637,0.6189718850421297,0
train-000964,0.5235952109588571,0.34560371244436766,0.9253102629996938,0.8443776183282251,0
train-004498,0.5572292388977722,0.16327077824482789,0.7143830269273259,0.7806303894887225,0
train-003858,0.851297079625184,0.2632650829412573,0.8370080173828336,0.7472659620239006,0
train-005486,0.5719179256152933,0.32437708211535315,0.8117556937064242,0.7886275866013052,1
train-000862,0.4543034962216094,0.31944170979647774,0.7999693451234563,0.6973562325988472,1
train-000275,0.6608969261149964,0.19926318864442968,0.7579600501504965,0.5635558173315984,1
train-001722,0.5480208754625085,0.4118442460132218,0.9085709863265423,0.7143797158207601,0
train-005577,0.5302881845845235,0.22740042876237046,0.8658337409803741,0.5729704526905177,0
train-003928,0.3662053952276637,0.42058362470670624,0.7865547809290304,0.7799992378314131,0
train-000114,0.2992572582270703,0.19088174997531568,0.9214724116885787,0.5516273368214529,1
train-001167,0.5999368938480385,0.20814921939355724,0.9048376404371701,0.9227822979185821,1
train-004959,0.3820180943623844,0.2561473073979221,0.7798962652307648,0.8925043438824152,0
train-002300,0.5244801567611028,0.19292809598080127,0.7990357715300492,0.7590224938699757,0
train-004730,0.5630391875469559,0.3148257243031281,0.7385404241713975,0.6597877197635235,0
train-000158,0.6004649882915658,0.39705095762651865,0.9151161733990867,0.5227936331096812,0
train-004679,0.5057627661645792,0.2356341950307167,0.8812616809773405,0.5697720837983704,0
train-004697,0.3561649900748305,0.025146377270754708,0.845834690925899,0.8646675923184898,1
train-005629,0.814799089236782,0.3721327083998763,0.9457523985548671,0.9194648989186304,1
train-005016,0.7313120452698633,0.151754148620224,0.7947627940942426,0.7450507546810179,0
train-000343,0.5510775104978213,0.3167439586504609,0.8568431058269731,0.761289604988659,1
train-005889,0.3479115472242641,0.10699748933699985,0.8957076680188539,0.6047461477518992,1
train-001140,0.6475189669063964,0.07517254822880262,0.8028807354388915,0.5230402934818649,0
train-004637,0.41666298998109463,0.1105923282639056,0.9052956652648023,0.6637084649888191,1
train-005930,0.45654513838710625,0.456847032976478,0.8416324194913697,0.5987317060526348,0
train-004096,0.8547396783484161,0.12377342545754336,0.8999965300556941,0.7954988689356769,1
train-001078,0.30701118244680276,0.15367045635045787,0.7727152342351906,0.7024822636062695,0
train-003822,0.6923870745209735,0.15818690426778126,0.47047343904020333,0.4761864143888379,0
train-005838,0.5668215806330958,0.4124641361858432,0.9404404902128447,0.6368843721537901,0
train-004589,0.6039542109075359,0.11215700891990953,0.7511223130282407,0.46034132118215687,1
train-002587,0.3696113019730551,0.09463375357119641,0.8113626799867496,0.6814476143050133,0
train-005261,0.17350631378817394,0.23392833354945708,0.9712966942493373,0.7540849954496093,1
train-001288,0.3868896576913177,0.2650516652628022,0.9102119759031451,0.7132491143206752,1
train-002275,0.35450578574544434,0.14568102397462765,0.6840861409006552,0.5649344505557531,0
train-005897,0.45761967842194295,0.4350876940742437,0.9132278642786381,0.7275873518058698,0
train-001298,0.6416800526016054,0.07481214541418986,0.8581626358048359,0.7710929604461844,1
train-005947,0.33627015857060555,0.22350266609553263,0.9024187557023267,0.8778132343033401,0
train-003884,0.5774799174080142,0.1708163151569579,0.6580547841000279,0.5098171983818436,0
train-003920,0.619644968097882,0.2537165676210982,0.9041658163370958,0.5789475642401745,0
train-001921,0.8330511574029597,0.2378008500614311,0.6424857077261437,0.9075320872857642,1
train-002613,0.5274502791373594,0.2026683110994042,0.5775916613622384,0.7182376724037993,1
train-001446,0.42492387151081007,0.26612547849600915,0.7033398203530002,0.9586720883059258,0
train-002942,0.5908867959097932,0.2925766084043468,0.8538473209906647,0.5413577263907567,0
train-005692,0.39035245963920845,0.15338446308130105,0.7741892799932588,0.6539406899747185,1
train-005614,0.5450158713382659,0.0646204607296502,0.7593049179256411,0.7581638142125274,1
train-001306,0.7317284048336515,0.09499139355290798,0.8462373073171513,0.6854501721551323,1
train-000947,0.7147474468364459,0.23559844669917507,0.7278921388572465,0.845531293695397,0
train-002695,0.26950892739336624,0.48548415343908286,0.7286937720707379,0.4794144363486057,0
train-004632,0.7015076318612059,0.06441074872385445,0.5974231066302274,0.8018272149538057,1
train-002911,0.6072934763495023,0.1587301897085144,0.7590560258004044,0.7653753180648917,1
train-002004,0.627348775616106,0.19981159869243303,0.7731467005124208,0.9410644945397743,1
train-000008,0.587829384848714,0.18333813592921727,0.7752680984187076,0.9029730964738782,1
train-004176,0.4858592736841699,0.044964571128403096,0.8924624136952488,0.5539001622741535,1
train-004820,0.16244828013072962,0.12843042814858502,0.9600885107321482,0.37312546138410446,1
train-000943,0.596608131960473,0.14666523416099841,0.7559677989459723,0.7162535250962014,1
train-000934,0.4533540972550607,0.18021809107960057,0.9219729099987858,0.8565795473793177,1
train-002982,0.4514145684277249,0.34554768879622644,0.8693066756822292,0.5441873319191399,1
train-005197,0.8097376765164815,0.4000121603747384,0.8710372677313614,0.616002079617001,0
train-001880,0.5600581127364889,0.06454541327040744,0.8625890511241008,0.8616519601184912,1
train-001001,0.3986689299960574,0.10935064423005963,0.4467611189660757,0.6292788597444442,0
train-004072,0.5778822724456869,0.08539410789625204,0.8577450248120942,0.7459022394429132,1
train-002084,0.5532697874111678,0.07377989413309577,0.8844704504661833,0.7808449359483577,1
train-000342,0.37363178938435637,0.09520865637177181,0.7179739630721426,0.9294381723985158,1
train-000410,0.6261700301050179,0.030228899912854667,0.7541207232138002,0.8576375256863311,1
train-002253,0.4203419844677255,0.18495948166432244,0.6619618526399507,0.5645813827748631,0
train-005529,0.302057360576878,0.120636868959639,0.9050694486099803,0.4717038462030719,1
train-003558,0.3791952449415894,0.03869839569438086,0.9181111728919258,0.9842353068436556,1
train-001582,0.5150531633859645,0.38014202450710344,0.7752722156752332,0.524768822291033,1
train-001461,0.6258812449451233,0.16272436969618345,0.8216802814795248,0.6221439294453496,1
train-003038,0.5188303821179021,0.227420131760665,0.9538046921114608,0.9538864206439327,1
train-004710,0.5256458608830832,0.0887158329996314,0.888174463940969,0.8543374398025955,0
train-002803,0.597886865540805,0.17383838191489245,0.9281913357633075,0.9793470118904949,1
train-000670,0.48448230993645136,0.30948005728827066,0.9143043652571555,0.6536739267783275,0
train-001406,0.5493302520010668,0.256311879363564,0.949640010251712,0.9882865744060759,1
train-005731,0.4584140163770454,0.2779207517663945,0.8291867469594886,0.5805751719953667,1
train-002422,0.2714496486762267,0.2389559853724659,0.7340344293597513,0.49440257511640956,0
train-004319,0.4775856059179957,0.11040493281105752,0.9224832293932723,0.5159588807896651,1
train-003155,0.5152790050050197,0.2611893905724085,0.9422625850876117,0.5355049087969894,1
train-000153,0.34432665679830426,0.3044028944683298,0.9147069167426025,0.7710143786643509,0
train-004175,0.5795131316677075,0.18721094179401646,0.9590385275257712,0.5947777604223793,1
train-003473,0.44424577475688204,0.3726641653382362,0.9679376918286973,0.8277471275825339,1
train-001323,0.6717530044425677,0.254720888185342,0.6823686866378571,0.6431495614545181,0
train-003263,0.365673950348559,0.39196371123450646,0.7326051032108385,0.6948347460534482,1
train-003636,0.5701030988048459,0.43150300308318273,0.8263912313716298,0.8263367123460658,0
train-003958,0.47811778478315103,0.11060191386285642,0.8332005388326159,0.3151677684113122,1
train-001254,0.6429518446380228,0.11952556512020131,0.8241680105125485,0.8588903202269523,1
train-005018,0.5030282205193303,0.5056612503523841,0.9641139735557254,0.7690777497873069,1
train-004643,0.5191336986020139,0.007461934817699543,0.7681655912421969,0.4665278364106346,0
train-002147,0.4312181722610059,0.2513994248595805,0.7897636151341362,0.6336608651650985,1
train-003186,0.3674147946579226,0.1311099468196763,0.8105205410706774,0.7038228164008081,1
train-005263,0.620923923427872,0.08478698561242314,0.8805642163681346,0.8523179463659718,1
train-000784,0.49407659121633907,0.10657546147693941,0.5525907147969992,0.9447508064976077,1
train-003169,0.5664367174716539,0.13382031548836995,0.717791992017606,0.5507936233540123,0
train-005730,0.6489400534863902,0.19652048673594139,0.9125606587900666,0.8817161363430244,1
train-002400,0.18700561788465386,0.03918561835514592,0.6428356142620487,0.6256553702772449,0
train-001736,0.3678479078615105,0.17239172515902476,0.9568600676032516,0.7671366190267057,1
train-005403,0.6745473609212453,0.23893786284939866,0.8573902677310744,0.7749373898056755,0
train-004779,0.32821647843695223,0.3883485652269072,0.7659116997802299,0.7059098731921568,0
train-004776,0.7991089273612104,0.20352268609838287,0.8007824093338866,0.9033843648373046,1
train-000179,0.41341033945690225,0.3372072195506286,0.7779992002365161,0.8737282959041263,0
train-005151,0.5213348887464087,0.2791481715792007,0.9201366781452625,0.9251455258870426,1
train-002092,0.43354732614137714,0.03880782797628099,0.5581060978413458,0.8082917303449318,1
train-002128,0.5117823391255328,0.08720183004220246,0.8918109762956795,0.5844248123005625,1
train-005095,0.6508690099954078,0.30268998526334223,0.9167734315536625,0.8098345757280706,0
train-001313,0.5005349436984206,0.22289960520794094,0.9110835049107079,0.7308287330739431,1
train-000743,0.4433823487526145,0.17557990180422434,0.8590650363287601,0.7673359639128405,0
train-002935,0.4756506174507871,0.3823860978389308,0.9175232533663519,0.9159829867008185,1
train-002364,0.4000532133840237,0.23221279750862392,0.9136164198750653,0.818734040946797,1
train-003608,0.5511622477330447,0.2607966901846933,0.7457740691128454,0.796070001269798,1
train-000922,0.6288501026309959,0.6115551754202214,0.966866196674625,0.8377331382329629,1
train-000361,0.8566670705047743,0.2280927519911757,0.7688416236158937,0.8956080692308017,0
train-001776,0.19728863780426417,0.1009353962429553,0.558201002466778,0.9340653907760542,1
train-002085,0.5556964992367459,0.36053316142772623,0.7105856283985416,0.666501389425836,0
train-003962,0.44907938643898454,0.20411029839615605,0.8187325498518679,0.8940164331731167,1
train-005977,0.4965407354806819,0.2810264559332676,0.8492648949246859,0.2553730284286358,1
train-003226,0.4924957220414077,0.1340469881471622,0.6405975684644655,0.9220405280586573,1
train-002666,0.7158118733391183,0.20008031462588297,0.8667426208055461,0.6534735596609744,0
train-003179,0.5128706753450591,0.05974440893276526,0.8239503350583044,0.49374465720564575,1
train-004477,0.7131993893809375,0.030403295655422876,0.9481653109758089,0.5460915129067117,1
train-002500,0.40389062817690635,0.184810233876861,0.833959553489133,0.7239816583130056,1
train-002511,0.5651032205796251,0.15317127296257793,0.6824887070125547,0.9096739970542309,1
train-001018,0.6057386323064519,0.07988027202813501,0.7195053199926571,0.7668380427810421,1
train-002538,0.27507178491820083,0.2914650867457634,0.8634061465351758,0.6031731167560296,1
train-000426,0.581850918391684,0.12192024664949958,0.7876346084073808,0.9128545581735373,1
train-004628,0.6232611341394939,0.11468795122406057,0.8579659279013014,0.8834166627635578,0
train-000840,0.7723264670647859,0.1800876037343709,0.7625267769019746,0.6398264557387979,1
train-001224,0.8127409151051871,0.0987836492445693,0.9150355020015466,0.7920984244603402,1
train-001685,0.35761977811543044,0.10084092199627523,0.8553270107005847,0.8247234342014899,1
train-003120,0.7106097182510515,0.408194230832724,0.7374543238137721,0.5960500096087016,0
train-005709,0.8117301732933729,0.3552827459535917,0.9714279504811948,0.48052454841437603,0
train-000290,0.6653770197495505,0.22586454956557192,0.7433835940841119,0.6307052048558127,0
train-001806,0.6432341137001548,0.11670035413113722,0.9801714712131196,0.9570871275049485,1
train-003760,0.44188450112607564,0.10894037880819107,0.7622169107937247,0.6576000597139005,1
train-003661,0.28020758481059227,0.14631893025347828,0.9091318048236523,0.6395770714450258,1
train-002263,0.8460076851880871,0.13960604868798573,0.6431098828659535,0.6250672598600853,0
train-001489,0.8450831301011174,0.08797976578847151,0.6633134903180258,0.5941362429597922,0
train-003571,0.5037514602535552,0.20145986577388506,0.8872948194949113,0.4332604510385415,0
train-005564,0.7078295688636357,0.24969368489709898,0.72868799241303,0.6481080327323805,0
train-005755,0.7653753011523995,0.07748505211521221,0.7917172522667356,0.4051077302378259,0
train-004775,0.6161253809913758,0.42729858278924204,0.8000333173906992,0.852678056523259,0
train-005662,0.3435406684635211,0.376940874877117,0.8730584520670042,0.7413971460649275,0
train-004320,0.41642162521993414,0.15318107212700008,0.9239769438375521,0.8703524136812169,1
train-002770,0.5886827884452427,0.15790719692024652,0.8494361870736834,0.8109678524494821,1
train-000563,0.30572636167711775,0.1931657860138578,0.981585879943219,0.824504667158892,1
train-004920,0.6103430827252838,0.17651049490928938,0.8881640805065869,0.4309308441371214,0
train-000925,0.4070679503369573,0.12938806590309324,0.6233464511397929,0.8947757263044104,1
train-001763,0.7340492070509725,0.12549856539398893,0.9899529960064664,0.7855350164971788,1
train-004060,0.600508625768253,0.13779836070703827,0.8770692865349371,0.6446676536474234,1
train-001089,0.25061779592946526,0.4233877767512888,0.9286173344059695,0.7864625342163045,0
train-002680,0.3680762227739502,0.11336936653784059,0.8785522006630698,0.5515274794421579,1
train-000374,0.3109128266982443,0.4168803533946684,0.46015170181369297,0.6038535251714607,1
train-004717,0.5185901475103131,0.2324788003543364,0.7521754503649443,0.7397495326897964,1
train-002441,0.3185934922728155,0.3423561348203429,0.9343004431751184,0.7268587086508758,0
train-005773,0.47372341840134247,0.18339366622869258,0.87695144105682,0.702385209963416,1
train-001810,0.6075555118821044,0.12949271258683256,0.7228041348802333,0.8966250201095243,0
train-003150,0.5754211383712929,0.23227093120144468,0.8638619263129591,0.9147690026647254,0
train-000990,0.5820441539828333,0.13233390664734807,0.7331870534202548,0.9400664469518315,0
train-003691,0.27308852547876045,0.20706082919726154,0.6703092429680019,0.9570542647248486,1
train-001980,0.48640502817454206,0.23782834762974842,0.9673758820640675,0.6333028206159379,0
train-002655,0.21117407287832,0.14378213233673875,0.8258698010003735,0.8143881359109013,0
train-005962,0.6744450916173108,0.16756731153382276,0.8379372238800354,0.6891004877351483,0
train-003337,0.5096968363903306,0.09523397967768434,0.8963615671674989,0.8976863858021331,1
train-002179,0.6397078699925455,0.042774769383270836,0.9097754479715765,0.7713826022610604,1
train-001218,0.3986366620808616,0.39123554287839113,0.6258456266298601,0.8628312818267851,1
train-000262,0.3131908566473411,0.37213953090839064,0.8787664347011096,0.5207902341281061,1
train-005348,0.4064284111259771,0.0807151347182417,0.9236655461963867,0.7649684307627705,1
train-004292,0.5072528776908144,0.4508510991658627,0.8522966673135367,0.5960574616285431,1
train-001532,0.49925745424671064,0.158372057434922,0.8000347393080197,0.7325487802623304,0
train-004978,0.5521505724436817,0.13220028576611434,0.9112078150923038,0.6568741008181651,1
train-000021,0.39168444594933455,0.07554096273046196,0.7179661968353787,0.6367603604979323,0
train-000724,0.6254960582076414,0.4300675734577644,0.7221931717502381,0.6427104077581995,1
train-004525,0.7176059967817527,0.05062272325495722,0.857581743501971,0.5825884434712724,1
train-005297,0.7489289378643188,0.08508380312212888,0.8192107639744486,0.7192723886955571,0
train-000166,0.6664505905896017,0.07194188100185178,0.835684520782404,0.48360807995810756,0
train-004268,0.4023629495341549,0.19227249156874238,0.9584772838004862,0.36614008129386266,0
train-000023,0.4452339095107448,0.24206046721968283,0.9619543222703846,0.8989616235182114,1
train-000322,0.7541628181783935,0.23949615573820154,0.7115968798797971,0.6523857107257177,1
train-000327,0.6638080374404537,0.3990687852051597,0.8893683302927775,0.7929038819739221,1
train-002955,0.6389220081939689,0.2376704613986449,0.8906690666108565,0.7049720934911707,1
train-001079,0.535424830762271,0.18371489151430911,0.7592539638020752,0.6295363457640223,0
train-003240,0.631916750360053,0.2886551460516427,0.9126418853222047,0.23698590166007652,0
train-004687,0.6471321686637669,0.34940028133442114,0.6493404107975604,0.681412283908229,0
train-004749,0.8192039455275081,0.07044058505719208,0.8036039008630153,0.8333521329652331,1
train-005553,0.6751880244481793,0.19075997987049265,0.7432818704719827,0.935189457838219,0
train-000897,0.24518065023438473,0.13056083116353642,0.5706234496676367,0.7396241243788745,1
train-005329,0.402720952372079,0.14443937633991172,0.6633132471137546,0.8469834059609368,0
train-004615,0.6188532108079748,0.22914996739958146,0.6187322103659741,0.6202880954294538,1
train-003527,0.3399448354367437,0.1039318361125796,0.7191732286165528,0.8627363956572616,1
train-000265,0.6828934925578478,0.12044391711927373,0.9830915977320174,0.8077568443607108,1
train-002030,0.3586055806046675,0.04058454327947614,0.8740008572910405,0.8518808053757292,1
train-002530,0.10859103040357218,0.24917005342586845,0.6914206605245508,0.7045773676134608,0
train-001259,0.32198396540867796,0.15532484094762142,0.6150828476378286,0.7230220122914232,1
train-005333,0.37767724875826175,0.20310032016677027,0.6938149626076873,0.7260013847952178,1
train-002113,0.6739402598259308,0.03899848806287012,0.6554060450835041,0.46138023989552285,0
train-004550,0.4976261621586029,0.03100976689796164,0.9483868377709449,0.5891498644456775,1
train-001616,0.7265109770749856,0.147389646417532,0.9545614916741757,0.970527978402212,1
train-003126,0.4854526817771886,0.25629215053179694,0.6830810285742002,0.7849010178882434,1
train-002329,0.7221744059762002,0.2502012849037239,0.9182794625691759,0.5524825573311241,0
train-005794,0.3531408531667041,0.40621007161430756,0.9479802610239292,0.5098910535744898,0
train-003590,0.7150071895017809,0.09098324594565084,0.9808797153337354,0.7351262339233758,1
train-000689,0.440226294884039,0.09577610463286243,0.8738851070296447,0.7889045039509943,1
train-001743,0.7228603393757715,0.13103462518056017,0.48588009641562724,0.6926101986114191,0
train-002811,0.4072409201148468,0.09956260556949659,0.7334187162731532,0.9229261635093482,1
train-001542,0.38433149616526735,0.07472358910478336,0.6677709021572893,0.6839243808595764,1
train-002387,0.36418177674828006,0.25737495787605513,0.6488280530741445,0.9754221395428054,1
train-002131,0.5123993177338061,0.44903928154174777,0.9016341919094337,0.4681329982696271,1
train-005075,0.5185884108347467,0.20256283684766196,0.7482693753625753,0.8882825583018062,1
train-003362,0.7307610338999079,0.027197394653407713,0.8701618026374022,0.6813236976012671,1
train-005257,0.7314027620518103,0.2913821688530913,0.7924301428154482,0.6599566198823404,0
train-004108,0.6281628643048319,0.10940406832775745,0.4256141819965413,0.5648931456046219,0
train-000783,0.5047130477273544,0.1696450987946035,0.9039225735366176,0.6903760706593777,1
train-001179,0.5872938475686156,0.07438827134507281,0.8464149456527887,0.812888207129325,1
train-005107,0.2422706327577213,0.05077714585042866,0.955896520967329,0.85038315799142,1
train-001500,0.4649389166283301,0.11484350259484633,0.978076697368512,0.9725008403612416,1
train-004593,0.5105798709289683,0.32336821792839976,0.790946972059237,0.8404811627456411,0
train-000585,0.45845029330314213,0.1747095137312878,0.785326012893788,0.8022882925052751,0
train-001472,0.3190764150574053,0.24983811132232964,0.9064538454971902,0.5637018187040623,1
train-000757,0.4057693902172285,0.22609520355116142,0.7204222569568616,0.8263303195265088,1
train-004225,0.20978191305082353,0.37306959863459777,0.5721526180472161,0.8640627554874639,0
train-000794,0.5707221530751927,0.15033342560560886,0.7754401808862414,0.849153156664245,0
train-003356,0.23919695554509948,0.12543162544967915,0.8871028964824701,0.6602627306120347,1
train-002786,0.2810535786940419,0.05702756196810706,0.7757567278544526,0.871504782396232,0
train-003014,0.39819615895349175,0.23023813278655608,0.8357143801652814,0.943239589616176,1
train-000350,0.6009445122168088,0.06607376812581307,0.9692480393228665,0.7895384139114952,1
train-000356,0.29909444046251793,0.44131550981169765,0.9931153029185137,0.3907554781315271,0
train-001260,0.3237343394626015,0.2047742218154997,0.8552339692206835,0.7938584663231564,1
train-002981,0.7238959858015697,0.16711409418260686,0.9207064369721835,0.6203066207573129,0
train-000737,0.4397086110495455,0.40781471097095173,0.8521729741100421,0.239432292466592,0
train-004713,0.36727865039735785,0.08945622591488471,0.9056573928621361,0.7361955049473164,1
train-000830,0.4226778879297196,0.28456882438131237,0.9404914095985966,0.5444163356458376,1
train-005980,0.4621163754948223,0.07019165645619485,0.6830322358375958,0.6135685726823698,1
train-005315,0.41881735606334586,0.16745937001008168,0.7922325419511944,0.6268229370027028,1
train-005492,0.47147588005013,0.35873289656213747,0.8841253832805004,0.3785833833985063,0
train-000572,0.47198252244776073,0.07637941502180133,0.8950878000951795,0.6509952556624719,1
train-000105,0.7187517174631544,0.27492245575224206,0.3743109269562374,0.5307635078978163,0
train-005725,0.5239615473851743,0.14479686367555664,0.7652478873687036,0.5648413839369647,0
train-002063,0.47314003388711356,0.39566467244005477,0.8401626739238895,0.1975349151533975,0
train-003021,0.40153840236949456,0.558903073698184,0.6849030118593193,0.5886000174864315,0
train-001758,0.4545969572829315,0.4691714204766429,0.7666350890605151,0.9324342334262661,1
train-005663,0.47452933650009743,0.03694537369060266,0.974466117703165,0.7938314113562758,1
train-000733,0.5679093309075796,0.017622028635880443,0.839765427175435,0.7980650404368143,1
train-001730,0.4366646576365835,0.2169720780184303,0.961160419551781,0.6762864832587067,1
train-000911,0.6377156022414333,0.18257435782311499,0.7110527576667804,0.9174617895732362,1
train-000856,0.6503541236708297,0.05938779991518636,0.8415038675794245,0.8042699961555865,1
train-001436,0.5509630455495907,0.20190813238378347,0.8090115603996311,0.7799326926652136,1
train-003625,0.3132566520225713,0.21359484860219752,0.896850872262163,0.6039526722460486,1
train-003343,0.2813216027023343,0.4414465267007078,0.8702527616922432,0.6446558414063035,0
train-001634,0.3663732803342856,0.4708184087063762,0.8573956609206745,0.9289477051157962,1
train-005338,0.6036933996737124,0.16178126570592316,0.8611730247627654,0.7477465969409053,0
train-002860,0.6621603448805207,0.13802513789894447,0.5554173643628935,0.8445303746012968,0
train-005430,0.5994329007614918,0.5187058063685047,0.9309194757943685,0.5754547880485122,0
train-005319,0.7299627971727788,0.14957431110942362,0.8641571901112345,0.5690631785169549,1
train-002008,0.6525401941544688,0.14685643800872855,0.7812656616850422,0.6800748606071552,1
train-000108,0.744654091350044,0.1287303050536759,0.857425544802346,0.5237693297605945,1
train-002499,0.1239126356735399,0.1916559650653661,0.6053353133506794,0.8671463785297131,0
train-003421,0.38997068013453334,0.2904217366179425,0.9099471602627947,0.800271869950286,1
train-000749,0.4771299170614041,0.16193734924488243,0.8447523293017567,0.7041940699802751,1
train-005534,0.7016674125968095,0.10428650863141636,0.8168956758124646,0.8002548289317186,1
train-003597,0.6561400851461973,0.1775296557203802,0.7545794269977271,0.420846216889169,0
train-000844,0.5640543237082514,0.19801811227319407,0.6661942244765692,0.9176758885299663,1
train-001318,0.5729693583520081,0.21829886370347712,0.8801796162878854,0.7369809036412736,0
train-001573,0.42717928905467883,0.4001892817315454,0.8736880122421045,0.28884439124610084,0
train-000732,0.3309810293378705,0.12136045432578474,0.9365681407604917,0.8876560707531295,1
train-000546,0.4804573472496166,0.05316974203209828,0.7015082681353642,0.6877122710640394,1
train-000409,0.3841213396447859,0.15153284300856243,0.681506969213332,0.816791584452719,0
train-002478,0.5841929687952351,0.24229314179845643,0.8185480802403395,0.8796325504552919,0
train-000775,0.43622351222897415,0.22617507192258746,0.8998781760981696,0.7752986101938962,1
train-003197,0.5074230398214747,0.2305473676011933,0.5796876193872276,0.8302717827849079,1
train-005822,0.5397272412401599,0.3855811973415065,0.8978711394880571,0.9700554849613685,1
train-000678,0.15514696318850113,0.1691537597436381,0.9155518109473676,0.7930916442560565,1
train-000086,0.5328662880939034,0.6582034618671899,0.5257750081367001,0.7622418536485175,0
train-003232,0.6523121389797492,0.05980756777222193,0.5493153446914265,0.7803987150362016,1
train-004773,0.689871502801821,0.10345066473332468,0.8723637404049511,0.5337959797355182,1
train-000771,0.7335343526713174,0.07340457280660555,0.9498538681028142,0.7369405369254702,1
train-000826,0.4756000350238554,0.3148037994904596,0.7302765985106309,0.3979151023816368,0
train-000833,0.5247502695914442,0.3725454545329958,0.9497199372611711,0.7772213749152674,1
train-005624,0.5308141533951501,0.20787232270433692,0.8646161068284302,0.8319287756158393,1
train-003599,0.3821198427502728,0.11785235666542776,0.9090029179321496,0.4833795285767179,0
train-005100,0.5734251813407056,0.24899989122764243,0.7048861453034093,0.901163949256442,1
train-003266,0.4480873544396838,0.10673880584717181,0.9497735431271951,0.8038675538336773,1
train-001431,0.7040305694319543,0.27193732253315134,0.7730429646229539,0.731976875911275,0
train-005739,0.4473906763926102,0.13516234440140212,0.6873978045219303,0.5693996826977884,1
train-002361,0.780561984851503,0.4410068052733385,0.7041701606154512,0.9327209693554204,0
train-002707,0.42064825480825807,0.36207507338501344,0.9088991952675526,0.534495395158388,1
train-003639,0.6336511881463633,0.0044137555586097185,0.8601830832546525,0.5668839728497854,1
train-001766,0.4660590721149475,0.18927334342772692,0.7363501852809301,0.6950798929361747,1
train-005735,0.5295287925936366,0.07588948446250464,0.8519015136274866,0.891744248168045,1
train-005816,0.5377489606060881,0.10513719286588487,0.7475447250555489,0.8167605923283188,1
train-005418,0.5080926145917888,0.35150664787828456,0.9338384646659285,0.8588808037639283,0
train-003076,0.4571322773620753,0.052331893262630845,0.8532252273390842,0.9632412422478132,1
train-000270,0.585988296329005,0.14457248632841205,0.7857733922422048,0.8993239136107969,1
train-001207,0.5473834936285358,0.06305732916193112,0.5560914662488492,0.7249510498536419,1
train-004671,0.40851446804631464,0.10193464632640481,0.7521436457977311,0.8558231903695358,1
train-004050,0.5866790834434905,0.08316468701603302,0.8807259788679769,0.9372606618534247,0
train-001714,0.690602033930997,0.3247465104954719,0.963847187587804,0.852183185593552,1
train-000009,0.7157965425169628,0.03111992714771843,0.5463598452683702,0.7044665183895468,1
train-001247,0.39185320945633506,0.14042092931834696,0.9613182016749726,0.46312973957760784,1
train-005386,0.5969904481056226,0.29134770793673875,0.8442915208083345,0.4583938616835528,0
train-002800,0.3356301069337943,0.2775421937859038,0.9060751099276232,0.8536140424713282,1
train-004178,0.5138613107007933,0.2485969540001441,0.9469542164902387,0.8838508378617591,1
train-001266,0.547716067485284,0.14839693321017863,0.8400483034640731,0.6879264650324065,1
train-005010,0.35008728383718263,0.037857164418760296,0.8734307221363495,0.9340188641892474,1
train-002007,0.6051000756505189,0.1449004694349296,0.8199099249217177,0.8964515987637564,1
train-003595,0.8528325094183681,0.14906909035326316,0.9379847840526849,0.8337074570470578,0
train-005121,0.7613844722933867,0.05018766961502812,0.8717935438956509,0.6035375187952255,1
train-003823,0.5428887249848194,0.39425422650796704,0.8541874561465215,0.8357368138607725,0
train-004402,0.501264169330758,0.2421316738621157,0.9139968778654647,0.7363441625361458,1
train-005727,0.6644371565894742,0.17211868825452142,0.7480781045538434,0.7899786738190966,1
train-002484,0.6926206600949832,0.1758509527287052,0.7411851985436319,0.581565153438075,0
train-001946,0.705199809150656,0.10688069688513346,0.7120161037507325,0.7922219729002072,1
train-002474,0.40880737044123355,0.04472031037424341,0.8381334736361793,0.6699301574546508,1
train-003168,0.8665207501274216,0.1630075805456399,0.8298121388827778,0.7044218135442143,1
train-000849,0.43138934739555435,0.537511932644934,0.8387520502258351,0.8773498061516892,1
train-000038,0.4788357465061675,0.2643382560543606,0.7420788707827212,0.670799642733495,0
train-001326,0.4062805406567535,0.12604652667082344,0.9256718763660997,0.5072848017850495,1
train-002462,0.23881098687670727,0.22837189848107606,0.629177181410968,0.4728240871845745,0
train-005810,0.738496577998178,0.4151979714283351,0.8217034286211048,0.5725182040173451,0
train-001341,0.5309290852517485,0.11344296579830161,0.9706335307319622,0.4501370478052857,0
train-005243,0.6448477338917991,0.2048009296346623,0.8837114702650375,0.8264742967610421,0
train-001317,0.5634293426757043,0.3392930448953701,0.7449464966696827,0.8852632945191523,1
train-001429,0.57888184494079,0.00639364843986884,0.9323438520870981,0.9227720640246689,1
train-004600,0.7639886164132857,0.07456473096273253,0.8132870553757278,0.9062282359867494,0
train-004065,0.3987650440956847,0.5430566012610175,0.9369407290741947,0.8821110700071082,0
train-002746,0.5430874973028297,0.27188261720599793,0.8151569649468265,0.614685386385782,1
train-003985,0.2572762018122457,0.033550390080269374,0.9488104765671416,0.5930906570687507,1
train-004489,0.6567285746661946,0.2598847004480084,0.5279910387995669,0.7107251941896976,0
train-005824,0.8368777038600812,0.07697948626717067,0.9014896253677507,0.873943839263957,1
train-002284,0.25366347506307213,0.2984064736311574,0.6321041083856925,0.8017387490527822,1
train-001678,0.4966096351384373,0.27357838922877187,0.71693660128218,0.901600585212021,1
train-005366,0.7911648601767549,0.38260387679466984,0.6892991460009892,0.7956751392997171,0
train-002239,0.25973724012171184,0.044661095459459656,0.6387219140936776,0.6456248458174596,1
train-001855,0.46702375389771555,0.1900241503633735,0.921555725023368,0.6215769175981694,1
train-004250,0.31094964785791335,0.025540153800954424,0.8813007315271667,0.7589763154172934,0
train-003310,0.46453650034940663,0.2769441871476199,0.621239275353785,0.898668556670365,0
train-001740,0.4799765133290535,0.07238659878065276,0.8983768257708923,0.7820576668207558,1
train-004973,0.7378457597851709,0.030461511079362447,0.7789624319463374,0.7166766221787236,0
train-004046,0.7541197719039169,0.19522855607629866,0.8259850546628771,0.6602362869101847,1
train-002692,0.30802642753261933,0.32484894333282444,0.801262689330299,0.4781044571106699,0
train-000019,0.5180239221543395,0.19580376061325086,0.9150723932342593,0.34984499204103786,0
train-002066,0.6420504802471465,0.36495511106079015,0.9500669357115322,0.45434919608080837,0
train-000245,0.4414206712398984,0.36692477661106665,0.8987731098401112,0.7426920851468048,1
train-002999,0.6403665124679689,0.4874547565606571,0.8390539751417747,0.5113169360452443,1
train-004691,0.4349324852015391,0.03272495722795367,0.8557058830815478,0.21241419282657154,0
train-001879,0.14389947531038713,0.1446742976489353,0.9782172189669214,0.8645626953796111,0
train-003193,0.6590456953274358,0.03006093731040144,0.8702117207049439,0.6928409778682695,1
train-005293,0.8586373543871405,0.09235121090817258,0.5810141746443163,0.6100949918454238,0
train-002658,0.4346504636826431,0.08816104483953457,0.7171085668762454,0.8858455688516523,1
train-002693,0.6428903212872206,0.08642099381542319,0.6435169460792477,0.8244152446033702,0
train-000168,0.3984721559919233,0.3137120487558221,0.9373551868132072,0.8853079021364842,1
train-005594,0.3927544568906037,0.5052984886082195,0.8700253274346398,0.9227185294079304,1
train-000533,0.5360250446718657,0.4087626898380285,0.8900219242264608,0.7943276760680132,1
train-003467,0.7431661525002968,0.12391903304224233,0.6126546641431444,0.758113609267227,1
train-003074,0.31055331924305,0.12400851094569436,0.682596967448658,0.6975110887764249,1
train-001038,0.5077345113019038,0.4055490920484984,0.848393577505547,0.6016607907044598,1
train-003482,0.5766969774779259,0.10465575898049478,0.7234510992209273,0.7346676357861964,0
train-001222,0.24200564417859335,0.19324721790528368,0.7198139869953959,0.8137077668153037,0
train-000150,0.6124854577853021,0.03943329008776318,0.5645307136206542,0.870244910229595,0
train-004871,0.6837517384480538,0.2508679374520778,0.9635726211462642,0.3689105169817189,0
train-004597,0.6604104415636656,0.06437894152036908,0.8424391288328908,0.8745102939924128,1
train-001085,0.28598529355333935,0.045898325935586966,0.8196803601677375,0.4358073256864307,0
train-000808,0.6550517151972175,0.043828838419749626,0.8355070687086971,0.589197307244395,0
train-002472,0.4798774023249737,0.2827368543854059,0.7487595877742328,0.7114059643876084,0
train-004674,0.6790506498251891,0.06601969485513151,0.735347548849003,0.8592163126498235,0
train-005247,0.6655123075735183,0.0816922829357012,0.7679268878706558,0.5257613322642396,1
train-004551,0.7120998035727564,0.031244945182093007,0.9644974403732683,0.7549715152302696,1
train-005147,0.6319615276298057,0.23992714654587538,0.6945797887337716,0.47187070779224694,0
train-000240,0.24217972539124846,0.1530224063074189,0.6779268017582832,0.7393146640498856,1
train-000146,0.6640959527949104,0.20149752295413484,0.8208899857545091,0.5056549271608761,1
train-001008,0.6886301825819435,0.06086736932484681,0.7593825466679609,0.3616059541956697,1
train-003296,0.6263760713622369,0.2600330900948806,0.8111475778900887,0.6439549660457009,1
train-005334,0.6378362346982009,0.26234007237163404,0.7426227859234664,0.8122148967015357,1
train-001073,0.6261318788792157,0.22973606391138798,0.7921529455407942,0.7953693793367473,1
train-000938,0.5362014510088103,0.16811138755585034,0.683921635950965,0.6186214032553744,0
train-004922,0.42309893016500105,0.10250121585845001,0.6504493990867644,0.6541836144762191,1
train-003342,0.7915302520826755,0.22240467418729948,0.9026593869415914,0.57685575448637,0
train-004211,0.2018127873127597,0.0899517287423489,0.7108477943595607,0.8099009570736903,1
train-002244,0.3578610205544095,0.10909180167826812,0.8509738778446273,0.8239623526043616,1
train-002103,0.30846643802485374,0.09603981153100473,0.828339478360967,0.8403919165920681,1
train-005890,0.5127279014057409,0.12449783644971413,0.8326394358140655,0.6416811731098039,1
train-003180,0.4940240928147332,0.15238724000841714,0.5447840485684107,0.7899951097908896,1
train-001197,0.40718701676577373,0.15158390339426497,0.6703267460068133,0.6909740417922731,0
train-005012,0.48653406732529325,0.27404387897460064,0.9706285084111863,0.8852484404955138,0
train-005166,0.567149786295943,0.13557559497516403,0.7012629373684806,0.34253003654022857,1
train-003582,0.7614035862350889,0.32539476572232023,0.692913271569645,0.7535003486335919,0
train-004649,0.6660971269730516,0.1268935461524527,0.7116159415336146,0.6746698883526038,0
train-004703,0.704884441671782,0.18337751926584234,0.8507667803461373,0.8278228857212837,0
train-002380,0.37157329839208614,0.21125928647752937,0.8109502206119532,0.5450118996767697,1
train-003619,0.35400949235741597,0.43364796616853707,0.868402954026293,0.5431308849342571,1
train-005279,0.333904560792683,0.2986483046636014,0.7852919687775326,0.591337434821521,1
train-004235,0.7809304411550176,0.047036691407347966,0.6343099157532047,0.6504967931934532,0
